customer_id,name,email,company,last_login_at,current_sessions,previous_sessions,support_complaints,payment_delay,industry,country,billing_cycle
A-00bed1,Liam Thomas,a00bed1@ravenstack.demo,Company_306,2024-12-14,13,9,4,1,Cybersecurity,US,yearly
A-00cac8,Benjamin Thomas,a00cac8@ravenstack.demo,Company_26,2024-12-24,28,0,2,1,HealthTech,AU,yearly
A-0158bb,Sophia White,a0158bb@ravenstack.demo,Company_461,2024-12-28,18,7,1,0,FinTech,DE,yearly
A-016043,Lucas Kim,a016043@ravenstack.demo,Company_405,2024-12-31,24,0,3,0,EdTech,CA,yearly
A-019782,Noah White,a019782@ravenstack.demo,Company_142,2024-12-20,28,13,2,1,DevTools,FR,yearly
A-029f69,Isabella Kim,a029f69@ravenstack.demo,Company_129,2024-12-31,22,5,2,0,Cybersecurity,CA,yearly
A-02cd81,Isabella Thomas,a02cd81@ravenstack.demo,Company_76,2024-12-26,14,19,3,0,HealthTech,IN,yearly
A-02fac6,Mia Kim,a02fac6@ravenstack.demo,Company_52,2024-12-27,44,46,6,0,FinTech,US,monthly
A-034368,Benjamin Smith,a034368@ravenstack.demo,Company_353,2024-12-13,7,15,5,0,EdTech,US,monthly
A-0354fe,Ava Taylor,a0354fe@ravenstack.demo,Company_380,2024-12-31,41,17,4,0,Cybersecurity,US,yearly
A-038089,Mia Brown,a038089@ravenstack.demo,Company_156,2024-11-28,0,9,6,0,DevTools,FR,yearly
A-039727,Amelia Patel,a039727@ravenstack.demo,Company_107,2024-12-22,35,17,0,0,EdTech,AU,yearly
A-0532a9,Charlotte Kim,a0532a9@ravenstack.demo,Company_170,2024-12-25,26,28,8,1,FinTech,IN,yearly
A-054577,Olivia Garcia,a054577@ravenstack.demo,Company_455,2024-12-31,60,40,1,0,EdTech,UK,monthly
A-05d3b3,Ethan Anderson,a05d3b3@ravenstack.demo,Company_213,2024-12-18,11,13,6,0,DevTools,AU,yearly
A-05f0e5,Harper Smith,a05f0e5@ravenstack.demo,Company_40,2024-12-30,48,68,4,0,FinTech,US,yearly
A-0651a4,Harper Smith,a0651a4@ravenstack.demo,Company_255,2024-12-16,31,43,4,0,HealthTech,FR,yearly
A-068fc6,Lucas Lee,a068fc6@ravenstack.demo,Company_465,2024-12-29,61,12,5,0,EdTech,US,monthly
A-075038,Benjamin Jackson,a075038@ravenstack.demo,Company_397,2024-12-21,13,24,2,0,HealthTech,UK,monthly
A-089363,Harper Jackson,a089363@ravenstack.demo,Company_387,2024-12-05,18,23,3,0,FinTech,AU,yearly
A-08e34e,Ava Lee,a08e34e@ravenstack.demo,Company_32,2024-12-30,36,13,3,0,EdTech,US,monthly
A-09316c,Ethan White,a09316c@ravenstack.demo,Company_341,2024-12-27,39,16,4,0,FinTech,AU,yearly
A-09540c,Noah Garcia,a09540c@ravenstack.demo,Company_239,2024-12-02,12,0,2,0,Cybersecurity,CA,monthly
A-098560,Amelia Lee,a098560@ravenstack.demo,Company_349,2024-12-22,20,12,2,0,DevTools,UK,monthly
A-0a282f,Ava Johnson,a0a282f@ravenstack.demo,Company_2,2024-12-22,78,15,3,0,DevTools,US,yearly
A-0a62f5,Ethan Patel,a0a62f5@ravenstack.demo,Company_381,2024-11-20,0,11,2,0,FinTech,UK,monthly
A-0aaf6e,Lucas Wilson,a0aaf6e@ravenstack.demo,Company_114,2024-12-23,43,15,5,0,FinTech,US,monthly
A-0b0d6d,Henry Jackson,a0b0d6d@ravenstack.demo,Company_267,2024-12-26,24,18,5,0,DevTools,US,monthly
A-0baac2,Noah Garcia,a0baac2@ravenstack.demo,Company_264,2024-10-31,0,0,6,0,FinTech,DE,yearly
A-0be015,Sophia Lee,a0be015@ravenstack.demo,Company_454,2024-10-23,0,0,7,1,FinTech,US,monthly
A-0cc442,Harper Garcia,a0cc442@ravenstack.demo,Company_198,2024-12-20,24,24,3,0,EdTech,US,yearly
A-0dbdc6,Ava Kim,a0dbdc6@ravenstack.demo,Company_366,2024-12-31,25,0,4,0,Cybersecurity,DE,yearly
A-0e966d,Lucas Kim,a0e966d@ravenstack.demo,Company_493,2024-12-14,28,37,3,0,FinTech,IN,yearly
A-0f3e88,Leo Jackson,a0f3e88@ravenstack.demo,Company_428,2024-12-29,35,53,3,0,HealthTech,US,yearly
A-0f6450,Noah Garcia,a0f6450@ravenstack.demo,Company_400,2024-11-08,0,7,8,1,FinTech,US,monthly
A-0f7d77,Harper Moore,a0f7d77@ravenstack.demo,Company_457,2024-12-30,23,28,5,0,FinTech,IN,yearly
A-104f1a,Harper Taylor,a104f1a@ravenstack.demo,Company_89,2024-12-15,22,38,5,0,Cybersecurity,US,monthly
A-10b8da,Henry Martin,a10b8da@ravenstack.demo,Company_9,2024-12-23,22,0,3,0,DevTools,US,monthly
A-10b8f2,Liam Khan,a10b8f2@ravenstack.demo,Company_151,2024-12-26,38,20,3,0,HealthTech,DE,yearly
A-117171,Leo Anderson,a117171@ravenstack.demo,Company_135,2024-12-11,7,0,6,0,HealthTech,FR,monthly
A-118d55,Liam Johnson,a118d55@ravenstack.demo,Company_65,2024-12-30,27,15,5,1,Cybersecurity,US,monthly
A-118f1c,Lucas Martin,a118f1c@ravenstack.demo,Company_492,2024-10-05,0,0,1,1,Cybersecurity,US,yearly
A-13466a,Isabella Moore,a13466a@ravenstack.demo,Company_196,2024-12-19,25,0,3,0,DevTools,AU,yearly
A-139c3b,Olivia Johnson,a139c3b@ravenstack.demo,Company_185,2024-12-29,30,39,9,0,HealthTech,US,yearly
A-149a69,Ava Jackson,a149a69@ravenstack.demo,Company_302,2024-08-17,0,0,8,0,DevTools,US,monthly
A-151c9a,James Wilson,a151c9a@ravenstack.demo,Company_260,2024-12-29,23,0,2,1,FinTech,US,monthly
A-157070,Mia Martin,a157070@ravenstack.demo,Company_85,2024-12-28,27,22,3,1,FinTech,US,monthly
A-158f4e,Olivia Brown,a158f4e@ravenstack.demo,Company_180,2024-11-22,0,7,5,0,FinTech,IN,monthly
A-1619f8,Liam Taylor,a1619f8@ravenstack.demo,Company_183,2024-12-07,18,13,3,0,DevTools,US,monthly
A-17939a,Lucas Moore,a17939a@ravenstack.demo,Company_162,2024-12-04,13,11,7,0,HealthTech,US,yearly
A-180abf,Noah Garcia,a180abf@ravenstack.demo,Company_122,2024-12-17,10,18,3,0,DevTools,US,monthly
A-186a44,Isabella Brown,a186a44@ravenstack.demo,Company_101,2024-11-27,0,34,7,0,HealthTech,US,yearly
A-18793f,Olivia Wilson,a18793f@ravenstack.demo,Company_488,2024-12-12,10,11,5,0,EdTech,US,monthly
A-1986ca,James White,a1986ca@ravenstack.demo,Company_197,2024-11-23,0,26,7,1,HealthTech,IN,monthly
A-19b2c8,Mia Thomas,a19b2c8@ravenstack.demo,Company_476,2024-12-30,38,36,3,0,DevTools,IN,monthly
A-1ac5e0,Noah Smith,a1ac5e0@ravenstack.demo,Company_126,2024-12-11,7,19,7,1,DevTools,US,monthly
A-1b707d,Charlotte Martin,a1b707d@ravenstack.demo,Company_56,2024-12-13,9,37,3,1,Cybersecurity,US,yearly
A-1b7577,Ethan Anderson,a1b7577@ravenstack.demo,Company_39,2024-12-20,31,33,5,0,Cybersecurity,US,monthly
A-1b9609,Benjamin Garcia,a1b9609@ravenstack.demo,Company_5,2024-11-20,0,17,4,0,EdTech,IN,yearly
A-1d5444,Olivia Wilson,a1d5444@ravenstack.demo,Company_427,2024-12-21,13,49,2,1,Cybersecurity,US,yearly
A-1e1b80,Henry Khan,a1e1b80@ravenstack.demo,Company_416,2024-12-18,10,32,6,0,FinTech,CA,yearly
A-1e50e0,Benjamin Moore,a1e50e0@ravenstack.demo,Company_415,2024-12-10,7,0,2,0,Cybersecurity,DE,yearly
A-1e6fc3,Olivia Thomas,a1e6fc3@ravenstack.demo,Company_434,2024-10-04,0,0,5,0,EdTech,FR,yearly
A-1f0636,Mia Thomas,a1f0636@ravenstack.demo,Company_368,2024-12-29,42,27,2,1,EdTech,AU,yearly
A-1f0ac7,Sophia Martin,a1f0ac7@ravenstack.demo,Company_3,2024-12-11,28,0,2,0,HealthTech,UK,monthly
A-1f559b,Lucas Wilson,a1f559b@ravenstack.demo,Company_357,2024-11-21,0,45,5,1,HealthTech,US,yearly
A-1f7acb,Leo Brown,a1f7acb@ravenstack.demo,Company_281,2024-12-13,11,8,7,0,FinTech,UK,yearly
A-202b67,Lucas Patel,a202b67@ravenstack.demo,Company_305,2024-12-28,58,6,4,0,HealthTech,US,monthly
A-20736a,Olivia Thomas,a20736a@ravenstack.demo,Company_271,2024-12-29,18,0,4,0,EdTech,IN,yearly
A-22d9d2,Benjamin Johnson,a22d9d2@ravenstack.demo,Company_188,2024-12-20,29,53,6,1,DevTools,FR,yearly
A-22f2df,Charlotte Martin,a22f2df@ravenstack.demo,Company_106,2024-12-09,16,13,5,0,DevTools,US,yearly
A-241e75,Isabella Thomas,a241e75@ravenstack.demo,Company_242,2024-12-13,16,15,4,0,EdTech,US,monthly
A-2446e3,Olivia Anderson,a2446e3@ravenstack.demo,Company_241,2024-12-24,16,41,3,0,EdTech,IN,monthly
A-249769,Ethan Thomas,a249769@ravenstack.demo,Company_214,2024-12-30,68,0,2,0,Cybersecurity,US,yearly
A-271f46,Olivia Thomas,a271f46@ravenstack.demo,Company_84,2024-12-20,32,23,1,0,DevTools,US,monthly
A-2789e3,Lucas Khan,a2789e3@ravenstack.demo,Company_268,2024-12-31,33,22,4,0,FinTech,US,monthly
A-2922b6,Leo Khan,a2922b6@ravenstack.demo,Company_70,2024-12-18,36,19,2,1,HealthTech,US,yearly
A-296d7c,Leo Wilson,a296d7c@ravenstack.demo,Company_182,2024-11-26,0,8,5,0,DevTools,DE,yearly
A-297a2d,Ethan Jackson,a297a2d@ravenstack.demo,Company_448,2024-11-14,0,11,2,0,HealthTech,UK,yearly
A-2b9d3e,Sophia Patel,a2b9d3e@ravenstack.demo,Company_319,2024-12-17,5,31,3,0,EdTech,US,monthly
A-2bc93d,Lucas White,a2bc93d@ravenstack.demo,Company_43,2024-12-07,8,71,2,0,HealthTech,US,monthly
A-2d1036,Benjamin Martin,a2d1036@ravenstack.demo,Company_399,2024-12-30,44,22,5,1,FinTech,US,monthly
A-2d4502,Isabella Khan,a2d4502@ravenstack.demo,Company_45,2024-12-07,7,0,3,0,FinTech,IN,yearly
A-2e3bad,Isabella Khan,a2e3bad@ravenstack.demo,Company_108,2024-11-12,0,17,5,0,FinTech,CA,yearly
A-2e4581,Leo White,a2e4581@ravenstack.demo,Company_0,2024-12-10,13,38,2,0,EdTech,US,monthly
A-2ebb4b,Harper Patel,a2ebb4b@ravenstack.demo,Company_334,2024-12-15,28,0,2,0,HealthTech,US,monthly
A-2edab2,Sophia Moore,a2edab2@ravenstack.demo,Company_301,2024-12-22,25,18,4,0,HealthTech,US,monthly
A-2f6a32,Ava Smith,a2f6a32@ravenstack.demo,Company_160,2024-12-27,28,21,2,0,HealthTech,US,yearly
A-309e54,Sophia Moore,a309e54@ravenstack.demo,Company_371,2024-12-17,8,22,5,0,DevTools,US,yearly
A-30b4ca,Isabella Khan,a30b4ca@ravenstack.demo,Company_23,2024-12-22,10,11,3,0,EdTech,IN,yearly
A-310452,James Wilson,a310452@ravenstack.demo,Company_321,2024-11-25,0,27,5,0,DevTools,FR,yearly
A-313be3,Liam Brown,a313be3@ravenstack.demo,Company_136,2024-12-19,9,35,4,0,EdTech,US,monthly
A-31ab9a,Benjamin Moore,a31ab9a@ravenstack.demo,Company_460,2024-12-01,0,29,7,0,FinTech,DE,monthly
A-32728c,Isabella Jackson,a32728c@ravenstack.demo,Company_54,2024-12-14,28,0,2,0,DevTools,US,yearly
A-328bd0,Benjamin Garcia,a328bd0@ravenstack.demo,Company_237,2024-12-24,33,0,5,1,HealthTech,AU,yearly
A-32fb14,Liam Patel,a32fb14@ravenstack.demo,Company_25,2024-12-25,28,0,5,0,DevTools,US,yearly
A-331424,James Garcia,a331424@ravenstack.demo,Company_246,2024-12-02,11,0,2,1,DevTools,US,monthly
A-337bc1,Leo Smith,a337bc1@ravenstack.demo,Company_424,2024-12-05,9,10,4,1,Cybersecurity,US,yearly
A-342303,James Jackson,a342303@ravenstack.demo,Company_294,2024-11-26,0,7,3,0,EdTech,US,yearly
A-34d880,Mia Lee,a34d880@ravenstack.demo,Company_207,2024-12-13,13,0,5,0,Cybersecurity,AU,monthly
A-34ea2f,Leo Thomas,a34ea2f@ravenstack.demo,Company_436,2024-12-27,39,37,8,1,HealthTech,US,yearly
A-35083d,Charlotte Moore,a35083d@ravenstack.demo,Company_27,2024-12-29,43,21,4,0,HealthTech,IN,monthly
A-354f12,James Thomas,a354f12@ravenstack.demo,Company_201,2024-12-16,14,13,2,0,FinTech,US,monthly
A-378b99,Ava White,a378b99@ravenstack.demo,Company_60,2024-12-31,49,25,6,1,EdTech,UK,yearly
A-3793ee,Sophia Taylor,a3793ee@ravenstack.demo,Company_332,2024-12-19,17,19,4,1,Cybersecurity,CA,monthly
A-37f969,Mia Jackson,a37f969@ravenstack.demo,Company_150,2024-12-25,21,0,5,0,HealthTech,IN,yearly
A-3932db,Leo Garcia,a3932db@ravenstack.demo,Company_144,2024-12-21,35,35,6,0,HealthTech,CA,monthly
A-396e5f,Leo Brown,a396e5f@ravenstack.demo,Company_30,2024-12-25,43,26,5,1,Cybersecurity,CA,monthly
A-39868b,Lucas Martin,a39868b@ravenstack.demo,Company_422,2024-12-14,11,30,6,1,FinTech,AU,yearly
A-39b19f,Isabella Brown,a39b19f@ravenstack.demo,Company_176,2024-10-14,0,0,6,0,FinTech,US,monthly
A-39ddf4,Charlotte Lee,a39ddf4@ravenstack.demo,Company_435,2024-12-15,7,22,5,0,EdTech,US,monthly
A-3a5ad8,Henry Taylor,a3a5ad8@ravenstack.demo,Company_94,2024-12-15,35,0,4,0,HealthTech,US,yearly
A-3a7284,James White,a3a7284@ravenstack.demo,Company_93,2024-12-22,35,19,3,0,FinTech,US,yearly
A-3b37d9,Olivia Garcia,a3b37d9@ravenstack.demo,Company_384,2024-12-14,11,26,5,0,FinTech,US,yearly
A-3b5cd1,Sophia Taylor,a3b5cd1@ravenstack.demo,Company_49,2024-12-21,31,37,5,0,FinTech,US,yearly
A-3be56b,James Thomas,a3be56b@ravenstack.demo,Company_200,2024-12-29,25,21,4,1,HealthTech,IN,yearly
A-3c1a3f,Amelia Brown,a3c1a3f@ravenstack.demo,Company_224,2024-12-20,9,36,4,1,DevTools,UK,yearly
A-3cc791,Mia White,a3cc791@ravenstack.demo,Company_423,2024-11-25,0,13,6,0,EdTech,US,monthly
A-3ce5b8,Lucas White,a3ce5b8@ravenstack.demo,Company_256,2024-12-15,18,29,10,0,FinTech,IN,yearly
A-3d957b,Charlotte Johnson,a3d957b@ravenstack.demo,Company_311,2024-10-20,0,0,3,1,HealthTech,UK,yearly
A-3f9cc0,Harper Wilson,a3f9cc0@ravenstack.demo,Company_359,2024-12-20,18,0,5,0,HealthTech,US,monthly
A-40906c,James Brown,a40906c@ravenstack.demo,Company_235,2024-12-03,28,9,5,0,EdTech,US,yearly
A-40a557,Mia Garcia,a40a557@ravenstack.demo,Company_86,2024-12-26,6,0,7,0,Cybersecurity,AU,monthly
A-40de06,Mia Brown,a40de06@ravenstack.demo,Company_369,2024-12-17,61,43,3,1,Cybersecurity,US,yearly
A-410e86,Leo Taylor,a410e86@ravenstack.demo,Company_210,2024-12-27,11,0,5,1,FinTech,US,monthly
A-417d2f,Amelia Smith,a417d2f@ravenstack.demo,Company_285,2024-12-11,26,11,6,0,Cybersecurity,IN,monthly
A-425e76,Lucas Brown,a425e76@ravenstack.demo,Company_110,2024-12-21,21,0,5,0,DevTools,UK,yearly
A-427b69,Amelia Jackson,a427b69@ravenstack.demo,Company_453,2024-12-27,41,38,2,1,FinTech,US,monthly
A-42b791,Sophia Kim,a42b791@ravenstack.demo,Company_464,2024-12-20,14,11,3,1,FinTech,AU,monthly
A-42e5e1,Charlotte White,a42e5e1@ravenstack.demo,Company_118,2024-12-26,8,32,3,1,DevTools,US,yearly
A-432483,Lucas Anderson,a432483@ravenstack.demo,Company_78,2024-12-12,24,42,1,0,Cybersecurity,US,yearly
A-439b2f,Noah Taylor,a439b2f@ravenstack.demo,Company_152,2024-12-29,18,0,3,0,DevTools,US,monthly
A-43a9e3,Amelia White,a43a9e3@ravenstack.demo,Company_1,2024-12-29,12,15,3,0,FinTech,IN,monthly
A-4437e4,Lucas Wilson,a4437e4@ravenstack.demo,Company_192,2024-12-10,33,10,6,0,Cybersecurity,US,yearly
A-443b7c,Leo Taylor,a443b7c@ravenstack.demo,Company_280,2024-12-27,36,21,8,0,Cybersecurity,US,yearly
A-443f6f,Henry Moore,a443f6f@ravenstack.demo,Company_304,2024-12-26,38,8,4,0,Cybersecurity,US,yearly
A-44dc83,Charlotte White,a44dc83@ravenstack.demo,Company_35,2024-10-09,0,0,7,0,EdTech,FR,yearly
A-45ce7a,Ethan Smith,a45ce7a@ravenstack.demo,Company_31,2024-12-24,14,0,5,0,FinTech,US,monthly
A-462d45,Ethan Smith,a462d45@ravenstack.demo,Company_13,2024-12-16,9,32,4,0,Cybersecurity,US,yearly
A-463db0,Liam Moore,a463db0@ravenstack.demo,Company_16,2024-12-27,18,28,6,0,HealthTech,US,yearly
A-474ad4,Ethan Anderson,a474ad4@ravenstack.demo,Company_261,2024-12-11,11,40,3,1,EdTech,US,yearly
A-4814a3,Isabella Moore,a4814a3@ravenstack.demo,Company_337,2024-12-23,34,8,4,0,Cybersecurity,IN,monthly
A-484819,Ethan Khan,a484819@ravenstack.demo,Company_109,2024-12-21,7,10,5,0,HealthTech,US,monthly
A-49b828,Amelia Moore,a49b828@ravenstack.demo,Company_391,2024-12-21,11,35,3,0,FinTech,IN,yearly
A-4a267b,James Johnson,a4a267b@ravenstack.demo,Company_451,2024-11-25,0,38,4,0,FinTech,US,yearly
A-4a4c2d,Lucas Garcia,a4a4c2d@ravenstack.demo,Company_473,2024-12-28,12,26,5,0,DevTools,US,monthly
A-4ae22a,Leo Johnson,a4ae22a@ravenstack.demo,Company_229,2024-12-28,24,28,3,0,EdTech,US,yearly
A-4bfa33,Noah Smith,a4bfa33@ravenstack.demo,Company_251,2024-12-26,52,22,4,0,Cybersecurity,US,yearly
A-4c38bc,Lucas Lee,a4c38bc@ravenstack.demo,Company_55,2024-12-29,68,28,3,0,HealthTech,UK,monthly
A-4c56c9,Ethan Johnson,a4c56c9@ravenstack.demo,Company_449,2024-12-08,18,34,5,0,FinTech,US,yearly
A-4c6f11,James Brown,a4c6f11@ravenstack.demo,Company_146,2024-12-23,24,8,3,0,FinTech,CA,monthly
A-4d1e75,Amelia Lee,a4d1e75@ravenstack.demo,Company_58,2024-12-15,10,0,2,1,DevTools,US,monthly
A-4e0e85,James Lee,a4e0e85@ravenstack.demo,Company_409,2024-12-28,10,19,2,0,DevTools,US,yearly
A-4e44e8,Olivia Moore,a4e44e8@ravenstack.demo,Company_22,2024-11-24,0,33,3,0,DevTools,US,yearly
A-4e631b,Mia Anderson,a4e631b@ravenstack.demo,Company_298,2024-12-19,25,14,2,0,FinTech,US,yearly
A-4e960a,James Garcia,a4e960a@ravenstack.demo,Company_277,2024-12-28,29,48,6,0,FinTech,US,monthly
A-4ef964,James Jackson,a4ef964@ravenstack.demo,Company_262,2024-12-23,82,17,3,0,HealthTech,US,monthly
A-4f18f0,Ethan Moore,a4f18f0@ravenstack.demo,Company_145,2024-12-22,19,22,5,0,DevTools,CA,monthly
A-503d5a,Lucas Brown,a503d5a@ravenstack.demo,Company_99,2024-12-15,51,40,9,1,FinTech,US,yearly
A-508199,Ethan Lee,a508199@ravenstack.demo,Company_208,2024-11-23,0,27,3,0,FinTech,AU,monthly
A-50bb9f,Ava Taylor,a50bb9f@ravenstack.demo,Company_373,2024-12-23,13,0,7,0,Cybersecurity,US,yearly
A-50f3f7,Olivia Taylor,a50f3f7@ravenstack.demo,Company_140,2024-12-28,31,52,6,0,HealthTech,US,yearly
A-51ec1b,Olivia Garcia,a51ec1b@ravenstack.demo,Company_247,2024-10-22,0,0,3,0,DevTools,US,yearly
A-524364,Olivia White,a524364@ravenstack.demo,Company_388,2024-09-23,0,0,3,0,DevTools,FR,monthly
A-5247b3,Sophia Patel,a5247b3@ravenstack.demo,Company_375,2024-12-06,18,15,5,0,FinTech,UK,yearly
A-526d93,Ava Jackson,a526d93@ravenstack.demo,Company_66,2024-12-22,14,29,5,0,HealthTech,FR,monthly
A-52dd88,Leo Patel,a52dd88@ravenstack.demo,Company_127,2024-11-22,0,42,1,0,Cybersecurity,US,yearly
A-533452,Liam Johnson,a533452@ravenstack.demo,Company_279,2024-12-15,17,21,4,1,DevTools,AU,yearly
A-53f4e3,Charlotte Martin,a53f4e3@ravenstack.demo,Company_194,2024-12-20,16,7,5,0,Cybersecurity,UK,monthly
A-544d0a,Amelia Taylor,a544d0a@ravenstack.demo,Company_153,2024-12-18,30,44,2,1,DevTools,US,yearly
A-54d94a,Mia Moore,a54d94a@ravenstack.demo,Company_385,2024-12-30,25,21,4,0,Cybersecurity,IN,yearly
A-54ecc2,Charlotte Taylor,a54ecc2@ravenstack.demo,Company_289,2024-12-09,18,39,5,0,Cybersecurity,US,monthly
A-558c72,Leo Kim,a558c72@ravenstack.demo,Company_438,2024-12-14,5,11,4,0,FinTech,US,yearly
A-55f257,Charlotte Taylor,a55f257@ravenstack.demo,Company_496,2024-12-31,72,32,6,1,FinTech,US,monthly
A-560d27,Sophia Thomas,a560d27@ravenstack.demo,Company_266,2024-10-28,0,0,4,0,DevTools,US,yearly
A-56962b,Ethan Jackson,a56962b@ravenstack.demo,Company_177,2024-11-20,0,22,4,0,EdTech,UK,monthly
A-5790f4,Liam Johnson,a5790f4@ravenstack.demo,Company_446,2024-12-09,7,7,4,1,FinTech,UK,monthly
A-58b9ff,Mia Kim,a58b9ff@ravenstack.demo,Company_425,2024-12-19,32,22,2,0,DevTools,IN,monthly
A-592832,James Lee,a592832@ravenstack.demo,Company_10,2024-12-30,47,20,3,1,Cybersecurity,US,yearly
A-59f724,Charlotte Lee,a59f724@ravenstack.demo,Company_432,2024-12-07,9,56,4,0,HealthTech,US,monthly
A-5a184f,Harper Martin,a5a184f@ravenstack.demo,Company_124,2024-12-10,17,37,3,0,DevTools,DE,yearly
A-5a215a,Liam Khan,a5a215a@ravenstack.demo,Company_358,2024-12-24,22,40,4,0,EdTech,FR,yearly
A-5a3eb9,Harper Smith,a5a3eb9@ravenstack.demo,Company_283,2024-12-11,10,28,3,0,DevTools,CA,monthly
A-5a92e7,Sophia Lee,a5a92e7@ravenstack.demo,Company_413,2024-12-24,39,38,7,0,HealthTech,US,monthly
A-5b051a,Ethan Taylor,a5b051a@ravenstack.demo,Company_181,2024-12-07,36,13,1,0,Cybersecurity,US,monthly
A-5b1bcd,Liam Johnson,a5b1bcd@ravenstack.demo,Company_166,2024-12-31,30,52,4,1,DevTools,US,yearly
A-5b4ebb,Olivia Johnson,a5b4ebb@ravenstack.demo,Company_69,2024-12-25,8,19,5,0,Cybersecurity,UK,yearly
A-5c046d,Olivia Kim,a5c046d@ravenstack.demo,Company_130,2024-12-17,33,9,1,0,EdTech,FR,yearly
A-5c9849,Sophia Moore,a5c9849@ravenstack.demo,Company_362,2024-12-18,10,6,4,1,EdTech,IN,monthly
A-5ed98d,Harper Wilson,a5ed98d@ravenstack.demo,Company_479,2024-12-15,15,31,5,0,DevTools,US,yearly
A-5f2961,Isabella Patel,a5f2961@ravenstack.demo,Company_284,2024-11-04,0,9,1,0,HealthTech,US,yearly
A-5f7781,Liam Martin,a5f7781@ravenstack.demo,Company_483,2024-12-25,7,7,2,0,DevTools,US,yearly
A-5fe118,Mia Martin,a5fe118@ravenstack.demo,Company_374,2024-12-19,13,0,1,0,Cybersecurity,US,monthly
A-600734,Isabella Patel,a600734@ravenstack.demo,Company_327,2024-12-26,39,25,7,0,DevTools,US,monthly
A-625d0b,Charlotte White,a625d0b@ravenstack.demo,Company_290,2024-12-09,39,36,5,0,EdTech,AU,yearly
A-659280,Ethan Taylor,a659280@ravenstack.demo,Company_417,2024-12-24,45,26,4,1,FinTech,IN,yearly
A-65a46c,Leo Patel,a65a46c@ravenstack.demo,Company_95,2024-12-26,37,26,8,0,HealthTech,US,yearly
A-65aeb5,Olivia Kim,a65aeb5@ravenstack.demo,Company_120,2024-12-11,30,23,2,0,DevTools,US,yearly
A-65c341,Sophia Brown,a65c341@ravenstack.demo,Company_308,2024-12-25,13,0,5,0,FinTech,US,yearly
A-66224b,Benjamin Jackson,a66224b@ravenstack.demo,Company_87,2024-12-04,9,43,6,0,HealthTech,US,yearly
A-671f31,Olivia Thomas,a671f31@ravenstack.demo,Company_137,2024-12-25,7,18,7,1,DevTools,US,yearly
A-67be94,Charlotte Martin,a67be94@ravenstack.demo,Company_276,2024-12-18,27,9,5,0,EdTech,US,monthly
A-684255,Amelia Patel,a684255@ravenstack.demo,Company_20,2024-12-08,12,15,4,1,FinTech,US,monthly
A-6843f2,Ethan Johnson,a6843f2@ravenstack.demo,Company_335,2024-11-26,0,23,2,0,HealthTech,CA,yearly
A-68f37c,Noah Johnson,a68f37c@ravenstack.demo,Company_202,2024-12-16,15,36,5,0,HealthTech,US,monthly
A-692f18,Lucas Smith,a692f18@ravenstack.demo,Company_195,2024-12-23,47,8,2,0,EdTech,US,monthly
A-6965e1,Harper Thomas,a6965e1@ravenstack.demo,Company_379,2024-12-28,21,9,3,0,DevTools,US,monthly
A-69b156,Noah Johnson,a69b156@ravenstack.demo,Company_396,2024-12-12,20,0,7,1,EdTech,US,monthly
A-69fad4,Lucas Johnson,a69fad4@ravenstack.demo,Company_103,2024-12-15,19,44,4,0,FinTech,UK,monthly
A-6a4e2d,Ava Taylor,a6a4e2d@ravenstack.demo,Company_46,2024-12-24,35,18,2,0,EdTech,UK,yearly
A-6a7c9d,Sophia Anderson,a6a7c9d@ravenstack.demo,Company_324,2024-12-18,6,19,3,0,Cybersecurity,US,yearly
A-6c093d,Ava Moore,a6c093d@ravenstack.demo,Company_12,2024-12-30,66,10,3,0,DevTools,US,yearly
A-6da850,Lucas Martin,a6da850@ravenstack.demo,Company_293,2024-12-27,15,16,5,1,FinTech,IN,monthly
A-6dee43,Mia Martin,a6dee43@ravenstack.demo,Company_478,2024-11-18,0,6,5,0,FinTech,UK,yearly
A-6e08f3,Isabella Patel,a6e08f3@ravenstack.demo,Company_220,2024-12-28,14,64,2,0,Cybersecurity,US,yearly
A-6e7827,Ethan Jackson,a6e7827@ravenstack.demo,Company_372,2024-12-21,12,21,2,0,DevTools,US,yearly
A-6f50ae,James Moore,a6f50ae@ravenstack.demo,Company_466,2024-12-22,21,49,5,0,FinTech,US,monthly
A-6f8ad2,Sophia Kim,a6f8ad2@ravenstack.demo,Company_57,2024-12-31,34,12,4,1,EdTech,IN,yearly
A-700ade,Benjamin Jackson,a700ade@ravenstack.demo,Company_472,2024-10-12,0,0,4,1,Cybersecurity,UK,monthly
A-702032,Charlotte Garcia,a702032@ravenstack.demo,Company_186,2024-12-02,10,0,4,0,HealthTech,US,yearly
A-712426,Ethan Thomas,a712426@ravenstack.demo,Company_155,2024-12-27,12,16,6,0,HealthTech,US,yearly
A-712533,Ava Taylor,a712533@ravenstack.demo,Company_498,2024-12-12,31,42,5,1,EdTech,US,monthly
A-712f1c,Isabella Moore,a712f1c@ravenstack.demo,Company_331,2024-12-29,22,32,6,0,DevTools,US,yearly
A-71615e,Leo Martin,a71615e@ravenstack.demo,Company_167,2024-12-22,29,30,1,0,EdTech,US,yearly
A-716841,Sophia Jackson,a716841@ravenstack.demo,Company_437,2024-12-20,14,12,5,0,FinTech,US,monthly
A-726cfa,James Johnson,a726cfa@ravenstack.demo,Company_82,2024-12-26,53,32,3,1,DevTools,US,monthly
A-72799b,Sophia Lee,a72799b@ravenstack.demo,Company_394,2024-12-27,17,21,2,0,DevTools,FR,yearly
A-751bd4,Lucas Wilson,a751bd4@ravenstack.demo,Company_408,2024-12-18,10,20,6,0,Cybersecurity,UK,yearly
A-751c58,Ava Moore,a751c58@ravenstack.demo,Company_393,2024-12-29,40,34,5,0,FinTech,UK,yearly
A-756192,Leo Thomas,a756192@ravenstack.demo,Company_390,2024-12-29,22,8,3,0,FinTech,IN,yearly
A-7641d3,Sophia Lee,a7641d3@ravenstack.demo,Company_429,2024-12-24,22,32,5,0,EdTech,US,yearly
A-76fa4d,Ethan Moore,a76fa4d@ravenstack.demo,Company_226,2024-12-03,15,37,5,0,HealthTech,US,monthly
A-779e4e,Olivia Wilson,a779e4e@ravenstack.demo,Company_193,2024-12-20,8,0,5,0,HealthTech,US,yearly
A-781cc0,Charlotte Smith,a781cc0@ravenstack.demo,Company_499,2024-12-30,35,48,4,0,EdTech,US,yearly
A-78f02b,Henry Brown,a78f02b@ravenstack.demo,Company_329,2024-11-29,0,6,4,0,HealthTech,US,yearly
A-7920cc,Olivia Anderson,a7920cc@ravenstack.demo,Company_412,2024-12-20,32,40,7,0,Cybersecurity,FR,yearly
A-794a0b,Charlotte Thomas,a794a0b@ravenstack.demo,Company_168,2024-12-20,6,61,0,0,HealthTech,DE,monthly
A-7988d1,Amelia White,a7988d1@ravenstack.demo,Company_90,2024-12-23,20,38,3,0,Cybersecurity,US,monthly
A-798a3f,Benjamin Anderson,a798a3f@ravenstack.demo,Company_463,2024-12-01,0,23,5,1,DevTools,FR,monthly
A-7a0d69,Lucas Garcia,a7a0d69@ravenstack.demo,Company_187,2024-12-23,38,11,2,0,DevTools,DE,monthly
A-7c4956,Ava Thomas,a7c4956@ravenstack.demo,Company_254,2024-12-26,24,13,3,0,DevTools,US,yearly
A-7c5768,Lucas Garcia,a7c5768@ravenstack.demo,Company_407,2024-12-02,13,11,5,0,HealthTech,UK,monthly
A-7c6b6b,Liam White,a7c6b6b@ravenstack.demo,Company_223,2024-12-07,7,0,5,0,FinTech,US,monthly
A-7c83a1,Henry White,a7c83a1@ravenstack.demo,Company_447,2024-12-31,51,0,4,0,Cybersecurity,US,monthly
A-7cfe77,Henry Smith,a7cfe77@ravenstack.demo,Company_367,2024-12-31,7,0,7,0,DevTools,US,yearly
A-7d514c,Benjamin Thomas,a7d514c@ravenstack.demo,Company_119,2024-12-11,7,15,3,0,HealthTech,DE,monthly
A-7da956,Ethan Jackson,a7da956@ravenstack.demo,Company_141,2024-12-22,35,23,3,1,Cybersecurity,US,monthly
A-7dacce,Ethan Patel,a7dacce@ravenstack.demo,Company_8,2024-12-29,6,25,4,0,Cybersecurity,CA,yearly
A-7df7a7,Mia Johnson,a7df7a7@ravenstack.demo,Company_125,2024-12-19,24,32,3,0,DevTools,US,yearly
A-7e0a10,Mia Thomas,a7e0a10@ravenstack.demo,Company_64,2024-12-14,16,13,5,0,FinTech,US,yearly
A-7f29a7,Amelia Smith,a7f29a7@ravenstack.demo,Company_386,2024-12-14,11,9,1,0,Cybersecurity,UK,monthly
A-7f4db3,Charlotte White,a7f4db3@ravenstack.demo,Company_441,2024-12-20,48,58,5,0,FinTech,US,yearly
A-7f6b86,James Khan,a7f6b86@ravenstack.demo,Company_299,2024-12-26,18,0,7,0,HealthTech,US,yearly
A-7f8241,James Taylor,a7f8241@ravenstack.demo,Company_42,2024-12-21,9,15,1,1,EdTech,US,monthly
A-80eeb6,Mia Lee,a80eeb6@ravenstack.demo,Company_402,2024-12-23,42,23,4,0,Cybersecurity,UK,yearly
A-812c5b,Ava Martin,a812c5b@ravenstack.demo,Company_395,2024-12-28,25,23,4,0,DevTools,CA,monthly
A-8145a0,Leo Johnson,a8145a0@ravenstack.demo,Company_33,2024-12-26,36,5,6,0,Cybersecurity,AU,monthly
A-81edc3,Sophia White,a81edc3@ravenstack.demo,Company_236,2024-12-29,83,56,3,0,Cybersecurity,IN,yearly
A-82861f,Henry Smith,a82861f@ravenstack.demo,Company_350,2024-12-06,11,19,5,1,DevTools,UK,yearly
A-82d8a6,Mia Garcia,a82d8a6@ravenstack.demo,Company_444,2024-12-17,12,46,5,0,Cybersecurity,UK,yearly
A-832ec2,Lucas Khan,a832ec2@ravenstack.demo,Company_19,2024-12-23,9,18,3,1,FinTech,UK,yearly
A-84ebe4,Harper Khan,a84ebe4@ravenstack.demo,Company_68,2024-12-16,40,32,4,0,FinTech,US,monthly
A-854864,Lucas White,a854864@ravenstack.demo,Company_38,2024-12-15,17,0,5,0,FinTech,IN,yearly
A-855a48,Sophia Moore,a855a48@ravenstack.demo,Company_389,2024-11-19,0,12,5,0,EdTech,US,yearly
A-856b1e,Noah Lee,a856b1e@ravenstack.demo,Company_161,2024-12-07,9,12,5,0,FinTech,US,monthly
A-86902e,Ethan Brown,a86902e@ravenstack.demo,Company_169,2024-12-12,29,15,9,0,HealthTech,IN,yearly
A-86cdb4,Lucas Brown,a86cdb4@ravenstack.demo,Company_250,2024-12-08,23,71,5,0,DevTools,DE,monthly
A-86fc1d,Amelia Kim,a86fc1d@ravenstack.demo,Company_328,2024-12-30,39,26,5,0,DevTools,UK,monthly
A-87aa7b,Henry Thomas,a87aa7b@ravenstack.demo,Company_433,2024-12-26,27,36,3,0,HealthTech,US,monthly
A-883b7d,Charlotte Garcia,a883b7d@ravenstack.demo,Company_313,2024-12-30,54,24,7,0,Cybersecurity,IN,yearly
A-88c6ca,Amelia Moore,a88c6ca@ravenstack.demo,Company_179,2024-12-27,27,23,1,0,FinTech,DE,yearly
A-89ee83,Harper Garcia,a89ee83@ravenstack.demo,Company_312,2024-12-17,24,36,5,0,Cybersecurity,US,monthly
A-8adedc,Isabella Patel,a8adedc@ravenstack.demo,Company_300,2024-12-31,30,7,4,0,EdTech,US,yearly
A-8ae05d,Ava Wilson,a8ae05d@ravenstack.demo,Company_147,2024-12-24,25,9,1,0,FinTech,IN,monthly
A-8ae3fc,Leo Patel,a8ae3fc@ravenstack.demo,Company_495,2024-12-24,22,20,4,0,DevTools,CA,monthly
A-8b0451,James Smith,a8b0451@ravenstack.demo,Company_245,2024-12-31,20,25,7,0,FinTech,UK,yearly
A-8b25f2,Olivia Johnson,a8b25f2@ravenstack.demo,Company_96,2024-12-27,22,29,2,0,Cybersecurity,US,monthly
A-8bde0c,Sophia Wilson,a8bde0c@ravenstack.demo,Company_287,2024-12-06,6,13,3,0,DevTools,US,monthly
A-8e47ca,Olivia Kim,a8e47ca@ravenstack.demo,Company_191,2024-12-04,4,26,5,0,HealthTech,US,monthly
A-8ed5dd,Ava Moore,a8ed5dd@ravenstack.demo,Company_222,2024-12-19,19,20,6,1,EdTech,UK,monthly
A-902ef7,Ava Khan,a902ef7@ravenstack.demo,Company_270,2024-10-21,0,0,2,0,HealthTech,US,yearly
A-9077b0,Leo Thomas,a9077b0@ravenstack.demo,Company_41,2024-11-18,0,27,3,0,HealthTech,US,yearly
A-90a8c8,Leo Brown,a90a8c8@ravenstack.demo,Company_249,2024-12-27,17,12,4,1,FinTech,AU,monthly
A-9123ac,Noah Taylor,a9123ac@ravenstack.demo,Company_219,2024-12-19,40,13,6,0,Cybersecurity,DE,yearly
A-9174e0,Ava Thomas,a9174e0@ravenstack.demo,Company_73,2024-12-29,20,17,2,0,Cybersecurity,US,yearly
A-91e948,Sophia Garcia,a91e948@ravenstack.demo,Company_88,2024-12-26,21,0,0,0,EdTech,AU,monthly
A-9208f0,Harper Garcia,a9208f0@ravenstack.demo,Company_79,2024-12-11,13,30,8,0,EdTech,US,yearly
A-922109,Mia Lee,a922109@ravenstack.demo,Company_243,2024-12-21,24,63,3,0,Cybersecurity,US,monthly
A-9289f6,Sophia Johnson,a9289f6@ravenstack.demo,Company_104,2024-11-29,0,50,6,1,EdTech,US,yearly
A-92a333,Olivia Patel,a92a333@ravenstack.demo,Company_116,2024-12-20,11,36,4,0,FinTech,US,monthly
A-92a3af,Benjamin White,a92a3af@ravenstack.demo,Company_259,2024-12-18,19,45,4,0,Cybersecurity,IN,monthly
A-940b8b,Ethan Khan,a940b8b@ravenstack.demo,Company_398,2024-10-28,0,0,3,0,HealthTech,DE,yearly
A-94c3cd,Sophia Jackson,a94c3cd@ravenstack.demo,Company_351,2024-12-11,25,0,4,0,FinTech,CA,monthly
A-94d3da,Mia Garcia,a94d3da@ravenstack.demo,Company_61,2024-12-19,11,10,6,0,HealthTech,US,monthly
A-94f8c9,Charlotte Garcia,a94f8c9@ravenstack.demo,Company_51,2024-12-03,9,10,3,0,HealthTech,US,monthly
A-956988,Leo Lee,a956988@ravenstack.demo,Company_14,2024-12-24,8,35,2,0,EdTech,UK,yearly
A-95b24a,Sophia Thomas,a95b24a@ravenstack.demo,Company_117,2024-12-31,33,30,5,0,FinTech,US,yearly
A-96215d,Lucas Jackson,a96215d@ravenstack.demo,Company_318,2024-12-06,16,25,1,1,FinTech,US,yearly
A-96bbc6,Mia Thomas,a96bbc6@ravenstack.demo,Company_342,2024-12-26,45,42,3,1,Cybersecurity,US,monthly
A-96e141,Olivia Moore,a96e141@ravenstack.demo,Company_134,2024-12-17,8,19,5,0,DevTools,UK,monthly
A-970c97,Ethan Smith,a970c97@ravenstack.demo,Company_477,2024-12-30,30,16,1,0,HealthTech,DE,yearly
A-9779ad,Harper Martin,a9779ad@ravenstack.demo,Company_171,2024-12-20,10,40,3,1,Cybersecurity,AU,monthly
A-977ca0,Harper Martin,a977ca0@ravenstack.demo,Company_232,2024-12-24,57,37,3,0,HealthTech,IN,monthly
A-98a59a,Sophia Jackson,a98a59a@ravenstack.demo,Company_80,2024-12-31,12,13,3,0,FinTech,UK,yearly
A-993085,Lucas Johnson,a993085@ravenstack.demo,Company_258,2024-12-20,13,16,4,0,HealthTech,US,monthly
A-9a532a,Leo Lee,a9a532a@ravenstack.demo,Company_333,2024-10-21,0,0,2,0,HealthTech,US,monthly
A-9affe6,Isabella Lee,a9affe6@ravenstack.demo,Company_401,2024-12-31,53,0,3,0,Cybersecurity,US,monthly
A-9b9fe9,Ethan Taylor,a9b9fe9@ravenstack.demo,Company_71,2024-12-15,56,32,4,0,EdTech,AU,monthly
A-9badbd,Benjamin Thomas,a9badbd@ravenstack.demo,Company_63,2024-12-25,35,7,5,0,Cybersecurity,DE,monthly
A-9bfc9f,Lucas Garcia,a9bfc9f@ravenstack.demo,Company_228,2024-12-08,6,0,6,0,DevTools,CA,monthly
A-9c18c4,Liam Smith,a9c18c4@ravenstack.demo,Company_481,2024-12-13,22,33,4,0,HealthTech,US,monthly
A-9ee962,Ethan Johnson,a9ee962@ravenstack.demo,Company_59,2024-12-25,11,12,3,0,HealthTech,US,yearly
A-9f0b68,Ethan Patel,a9f0b68@ravenstack.demo,Company_489,2024-12-27,11,11,3,0,EdTech,US,yearly
A-9f2731,Ethan Anderson,a9f2731@ravenstack.demo,Company_24,2024-12-19,10,10,0,0,FinTech,IN,yearly
A-9f9299,James Khan,a9f9299@ravenstack.demo,Company_133,2024-12-26,60,44,5,0,FinTech,US,yearly
A-a09355,Henry Jackson,aa09355@ravenstack.demo,Company_459,2024-12-31,51,40,5,0,FinTech,US,monthly
A-a0ca4e,Henry Martin,aa0ca4e@ravenstack.demo,Company_6,2024-12-17,16,6,6,0,Cybersecurity,US,monthly
A-a1b80b,Mia Thomas,aa1b80b@ravenstack.demo,Company_184,2024-12-27,107,41,4,0,HealthTech,US,yearly
A-a1bbb6,James Patel,aa1bbb6@ravenstack.demo,Company_74,2024-12-30,52,0,3,0,DevTools,CA,yearly
A-a2485e,Liam Garcia,aa2485e@ravenstack.demo,Company_467,2024-11-27,0,24,0,0,FinTech,US,yearly
A-a33200,James Anderson,aa33200@ravenstack.demo,Company_352,2024-12-11,10,36,3,0,HealthTech,US,monthly
A-a45270,Lucas Kim,aa45270@ravenstack.demo,Company_37,2024-12-25,31,15,4,0,HealthTech,US,yearly
A-a6d261,Ava Garcia,aa6d261@ravenstack.demo,Company_303,2024-12-30,8,10,4,0,FinTech,CA,yearly
A-a7bd4b,Charlotte Anderson,aa7bd4b@ravenstack.demo,Company_363,2024-12-28,45,27,6,0,Cybersecurity,US,monthly
A-a865bd,Mia Martin,aa865bd@ravenstack.demo,Company_297,2024-12-18,10,18,2,1,Cybersecurity,US,monthly
A-a8b49c,Ava Johnson,aa8b49c@ravenstack.demo,Company_72,2024-12-25,9,27,1,0,Cybersecurity,UK,yearly
A-a8d89d,Charlotte Taylor,aa8d89d@ravenstack.demo,Company_326,2024-12-10,9,0,2,0,EdTech,US,yearly
A-aa9511,Mia Garcia,aaa9511@ravenstack.demo,Company_203,2024-12-31,41,20,2,1,DevTools,US,monthly
A-ab438f,Sophia Jackson,aab438f@ravenstack.demo,Company_233,2024-12-25,7,14,2,0,Cybersecurity,US,monthly
A-ac14bb,Leo Martin,aac14bb@ravenstack.demo,Company_15,2024-12-18,22,12,2,0,FinTech,US,yearly
A-ac85cd,Noah Khan,aac85cd@ravenstack.demo,Company_485,2024-11-27,0,67,3,0,EdTech,US,yearly
A-ac9111,Harper Taylor,aac9111@ravenstack.demo,Company_487,2024-12-27,53,27,3,0,HealthTech,US,monthly
A-acb7f7,Isabella Anderson,aacb7f7@ravenstack.demo,Company_330,2024-12-29,34,66,3,0,EdTech,US,yearly
A-ad296b,Benjamin Smith,aad296b@ravenstack.demo,Company_112,2024-12-14,4,7,3,0,DevTools,AU,yearly
A-ad3abd,Harper Martin,aad3abd@ravenstack.demo,Company_410,2024-11-21,0,7,3,0,FinTech,US,monthly
A-ad64c6,Amelia Lee,aad64c6@ravenstack.demo,Company_175,2024-11-11,0,13,4,0,DevTools,UK,yearly
A-adc1f3,Amelia Jackson,aadc1f3@ravenstack.demo,Company_98,2024-12-22,16,9,3,0,Cybersecurity,US,monthly
A-ae052e,Benjamin Garcia,aae052e@ravenstack.demo,Company_132,2024-12-01,0,20,4,0,FinTech,CA,yearly
A-af0cd2,Leo Wilson,aaf0cd2@ravenstack.demo,Company_204,2024-12-19,28,38,3,0,Cybersecurity,IN,yearly
A-afa505,Mia Moore,aafa505@ravenstack.demo,Company_157,2024-12-30,43,0,4,1,DevTools,US,monthly
A-b07346,Henry Kim,ab07346@ravenstack.demo,Company_269,2024-12-12,8,0,3,0,HealthTech,US,yearly
A-b07b56,Ethan Garcia,ab07b56@ravenstack.demo,Company_292,2024-12-29,32,37,4,0,DevTools,US,yearly
A-b11cd0,Liam Jackson,ab11cd0@ravenstack.demo,Company_439,2024-12-21,19,0,4,0,DevTools,US,yearly
A-b179bf,Isabella Smith,ab179bf@ravenstack.demo,Company_348,2024-12-17,15,0,6,0,Cybersecurity,IN,yearly
A-b20d99,James Kim,ab20d99@ravenstack.demo,Company_29,2024-09-23,0,0,2,0,HealthTech,IN,monthly
A-b2225d,Isabella Kim,ab2225d@ravenstack.demo,Company_50,2024-12-08,14,49,2,0,FinTech,US,yearly
A-b2af2e,Lucas Garcia,ab2af2e@ravenstack.demo,Company_227,2024-11-11,0,9,2,1,Cybersecurity,UK,yearly
A-b30291,Benjamin Kim,ab30291@ravenstack.demo,Company_344,2024-12-17,31,11,1,0,HealthTech,US,yearly
A-b3fe05,James Taylor,ab3fe05@ravenstack.demo,Company_238,2024-12-29,8,16,4,1,Cybersecurity,CA,yearly
A-b44e3e,Liam Smith,ab44e3e@ravenstack.demo,Company_383,2024-11-29,0,35,3,0,Cybersecurity,UK,monthly
A-b48f73,Isabella Lee,ab48f73@ravenstack.demo,Company_225,2024-11-25,0,10,3,1,EdTech,AU,yearly
A-b54c01,Henry Anderson,ab54c01@ravenstack.demo,Company_354,2024-10-05,0,0,5,1,DevTools,US,yearly
A-b7724f,Noah Anderson,ab7724f@ravenstack.demo,Company_320,2024-12-08,10,0,3,0,HealthTech,UK,monthly
A-b78bf8,Liam Smith,ab78bf8@ravenstack.demo,Company_148,2024-12-06,25,10,5,0,DevTools,US,monthly
A-b7b7b7,Olivia Taylor,ab7b7b7@ravenstack.demo,Company_338,2024-12-12,22,25,3,0,FinTech,US,yearly
A-b7ef83,Benjamin Lee,ab7ef83@ravenstack.demo,Company_474,2024-12-25,31,37,2,1,Cybersecurity,UK,monthly
A-b9eed8,Mia White,ab9eed8@ravenstack.demo,Company_189,2024-12-30,33,9,5,0,Cybersecurity,US,monthly
A-b9f5b1,Benjamin Moore,ab9f5b1@ravenstack.demo,Company_494,2024-11-29,0,25,6,0,Cybersecurity,US,yearly
A-ba6516,Benjamin Johnson,aba6516@ravenstack.demo,Company_154,2024-12-19,25,7,6,0,FinTech,US,yearly
A-bad8c1,Lucas Kim,abad8c1@ravenstack.demo,Company_34,2024-12-24,41,0,1,0,FinTech,AU,monthly
A-bb1486,James Patel,abb1486@ravenstack.demo,Company_265,2024-12-09,11,9,3,0,HealthTech,US,yearly
A-bb1eaa,Mia Khan,abb1eaa@ravenstack.demo,Company_468,2024-11-16,0,20,6,0,Cybersecurity,US,yearly
A-bb2f49,Charlotte Jackson,abb2f49@ravenstack.demo,Company_356,2024-12-30,28,14,3,1,Cybersecurity,US,monthly
A-bb3bd4,Harper Martin,abb3bd4@ravenstack.demo,Company_340,2024-12-12,14,0,11,0,HealthTech,US,yearly
A-bbc346,Henry Moore,abbc346@ravenstack.demo,Company_138,2024-12-23,23,0,3,1,FinTech,US,yearly
A-bbe56f,Amelia Lee,abbe56f@ravenstack.demo,Company_406,2024-12-02,8,14,4,0,HealthTech,US,yearly
A-bc4d48,Leo Smith,abc4d48@ravenstack.demo,Company_343,2024-12-23,10,6,6,0,EdTech,US,yearly
A-bc87bc,Isabella Khan,abc87bc@ravenstack.demo,Company_456,2024-12-21,41,28,7,0,FinTech,US,monthly
A-bcbe98,Isabella Kim,abcbe98@ravenstack.demo,Company_452,2024-12-14,41,40,7,0,Cybersecurity,US,monthly
A-bcf664,Ava White,abcf664@ravenstack.demo,Company_248,2024-12-24,8,43,5,0,DevTools,US,yearly
A-bcf87c,Mia Patel,abcf87c@ravenstack.demo,Company_288,2024-12-14,12,39,2,0,FinTech,US,monthly
A-bd4513,Ava Taylor,abd4513@ravenstack.demo,Company_205,2024-12-29,19,16,3,0,DevTools,AU,yearly
A-bd4708,James Johnson,abd4708@ravenstack.demo,Company_257,2024-12-30,30,25,4,0,FinTech,US,monthly
A-bece89,Charlotte Lee,abece89@ravenstack.demo,Company_128,2024-12-28,28,0,4,0,Cybersecurity,IN,yearly
A-bf7919,Isabella Garcia,abf7919@ravenstack.demo,Company_426,2024-11-22,0,12,2,1,HealthTech,US,yearly
A-c16101,Henry Anderson,ac16101@ravenstack.demo,Company_139,2024-12-20,42,29,4,0,EdTech,IN,monthly
A-c16b88,Benjamin Lee,ac16b88@ravenstack.demo,Company_431,2024-11-19,0,10,3,1,HealthTech,US,yearly
A-c16cf7,Benjamin Patel,ac16cf7@ravenstack.demo,Company_377,2024-12-28,18,18,3,0,EdTech,US,yearly
A-c1dfe1,Harper White,ac1dfe1@ravenstack.demo,Company_53,2024-12-23,15,17,3,1,DevTools,DE,monthly
A-c1e51e,Harper Anderson,ac1e51e@ravenstack.demo,Company_173,2024-12-25,14,9,5,0,FinTech,US,monthly
A-c222ab,Leo Kim,ac222ab@ravenstack.demo,Company_206,2024-12-29,40,12,4,0,Cybersecurity,US,monthly
A-c37601,Harper Moore,ac37601@ravenstack.demo,Company_48,2024-12-07,10,9,4,0,EdTech,US,yearly
A-c37cab,Ava Thomas,ac37cab@ravenstack.demo,Company_278,2024-12-30,30,49,4,0,Cybersecurity,UK,yearly
A-c42f1f,Henry Khan,ac42f1f@ravenstack.demo,Company_21,2024-10-30,0,0,9,0,HealthTech,US,monthly
A-c43359,Olivia Moore,ac43359@ravenstack.demo,Company_83,2024-12-29,40,24,3,0,FinTech,US,monthly
A-c45b23,Leo Khan,ac45b23@ravenstack.demo,Company_75,2024-12-23,13,0,3,0,FinTech,UK,yearly
A-c4ea60,Leo Anderson,ac4ea60@ravenstack.demo,Company_18,2024-12-11,29,0,5,0,FinTech,DE,monthly
A-c58f49,Ethan Jackson,ac58f49@ravenstack.demo,Company_480,2024-12-09,11,21,3,0,EdTech,US,yearly
A-c608c8,Amelia Thomas,ac608c8@ravenstack.demo,Company_199,2024-12-31,9,18,2,0,DevTools,DE,yearly
A-c62e55,James Anderson,ac62e55@ravenstack.demo,Company_315,2024-12-12,20,23,4,0,EdTech,US,yearly
A-c70870,Charlotte Anderson,ac70870@ravenstack.demo,Company_253,2024-12-31,33,21,5,1,Cybersecurity,US,monthly
A-c7e58b,Olivia Taylor,ac7e58b@ravenstack.demo,Company_404,2024-11-19,0,19,5,0,HealthTech,IN,monthly
A-c7ffc2,Charlotte Jackson,ac7ffc2@ravenstack.demo,Company_392,2024-12-30,31,14,2,1,Cybersecurity,US,monthly
A-c9bb3e,Ethan Anderson,ac9bb3e@ravenstack.demo,Company_336,2024-11-01,0,0,7,0,EdTech,US,monthly
A-cab532,Sophia Johnson,acab532@ravenstack.demo,Company_218,2024-12-30,60,23,1,0,DevTools,FR,yearly
A-cb5333,Mia Lee,acb5333@ravenstack.demo,Company_370,2024-12-21,27,29,4,0,DevTools,US,monthly
A-cb6cc6,Leo Taylor,acb6cc6@ravenstack.demo,Company_419,2024-12-21,14,18,3,0,DevTools,US,monthly
A-cbbe12,Ethan Jackson,acbbe12@ravenstack.demo,Company_450,2024-12-02,16,0,6,0,Cybersecurity,DE,monthly
A-cbd1a3,James Patel,acbd1a3@ravenstack.demo,Company_325,2024-12-21,21,11,4,0,DevTools,US,yearly
A-cc102e,Ava Anderson,acc102e@ravenstack.demo,Company_443,2024-12-28,32,20,4,0,HealthTech,US,yearly
A-cc1d8d,Olivia White,acc1d8d@ravenstack.demo,Company_440,2024-12-15,11,13,5,0,FinTech,US,yearly
A-cc8c8f,Leo Jackson,acc8c8f@ravenstack.demo,Company_482,2024-11-21,0,29,2,1,DevTools,US,yearly
A-cc98bc,Sophia Martin,acc98bc@ravenstack.demo,Company_469,2024-12-24,28,17,3,0,DevTools,US,monthly
A-ccabf0,Henry Smith,accabf0@ravenstack.demo,Company_471,2024-12-30,25,31,4,0,HealthTech,IN,yearly
A-ccb686,Benjamin Martin,accb686@ravenstack.demo,Company_491,2024-12-28,92,38,1,0,DevTools,US,yearly
A-ccc747,Lucas Thomas,accc747@ravenstack.demo,Company_339,2024-12-08,7,13,4,0,HealthTech,FR,yearly
A-cd458b,Amelia Johnson,acd458b@ravenstack.demo,Company_430,2024-12-31,40,46,5,1,DevTools,US,monthly
A-cdf020,Henry Jackson,acdf020@ravenstack.demo,Company_345,2024-11-25,0,26,4,0,DevTools,AU,monthly
A-ce550d,Isabella Moore,ace550d@ravenstack.demo,Company_4,2024-12-23,20,43,7,0,HealthTech,US,yearly
A-ce66f8,Olivia Anderson,ace66f8@ravenstack.demo,Company_17,2024-12-31,16,29,6,0,EdTech,CA,yearly
A-cea1f0,Benjamin Moore,acea1f0@ravenstack.demo,Company_273,2024-12-23,50,13,5,1,FinTech,US,yearly
A-ced9aa,Harper Martin,aced9aa@ravenstack.demo,Company_310,2024-12-06,15,0,7,0,DevTools,US,yearly
A-d26ab4,Liam Martin,ad26ab4@ravenstack.demo,Company_497,2024-12-09,11,34,2,0,DevTools,UK,monthly
A-d27f50,Isabella Brown,ad27f50@ravenstack.demo,Company_163,2024-12-19,10,27,4,0,Cybersecurity,UK,monthly
A-d3c88e,Henry Moore,ad3c88e@ravenstack.demo,Company_490,2024-12-21,20,32,3,0,DevTools,US,monthly
A-d40bf7,Benjamin Martin,ad40bf7@ravenstack.demo,Company_11,2024-11-21,0,37,2,0,FinTech,IN,monthly
A-d42431,Noah Wilson,ad42431@ravenstack.demo,Company_378,2024-12-06,12,23,4,0,FinTech,FR,yearly
A-d49cc5,Isabella Moore,ad49cc5@ravenstack.demo,Company_275,2024-12-28,8,34,4,0,Cybersecurity,FR,monthly
A-d4ac0e,James Brown,ad4ac0e@ravenstack.demo,Company_364,2024-12-26,22,31,4,0,DevTools,UK,monthly
A-d4e0d4,Amelia Anderson,ad4e0d4@ravenstack.demo,Company_403,2024-12-04,5,8,4,0,FinTech,US,yearly
A-d535f6,Ethan Garcia,ad535f6@ravenstack.demo,Company_421,2024-12-25,17,0,0,1,DevTools,US,monthly
A-d5a319,Isabella Khan,ad5a319@ravenstack.demo,Company_158,2024-12-20,49,10,1,0,FinTech,US,yearly
A-d62e02,Ava White,ad62e02@ravenstack.demo,Company_420,2024-12-22,38,17,1,1,Cybersecurity,US,monthly
A-d77f4c,Harper Thomas,ad77f4c@ravenstack.demo,Company_470,2024-12-20,18,25,2,0,DevTools,US,yearly
A-d792a6,Mia Anderson,ad792a6@ravenstack.demo,Company_486,2024-12-31,41,8,5,0,DevTools,US,yearly
A-d82ef9,Liam Lee,ad82ef9@ravenstack.demo,Company_355,2024-12-29,26,57,5,0,EdTech,UK,monthly
A-d922bf,Isabella Lee,ad922bf@ravenstack.demo,Company_221,2024-12-21,21,0,7,0,HealthTech,US,yearly
A-db5e9e,Harper Moore,adb5e9e@ravenstack.demo,Company_442,2024-12-31,42,0,2,0,DevTools,US,yearly
A-dbc825,Ethan Jackson,adbc825@ravenstack.demo,Company_252,2024-12-30,37,38,6,0,EdTech,FR,yearly
A-dcc2f0,Henry Patel,adcc2f0@ravenstack.demo,Company_309,2024-12-26,9,8,2,1,FinTech,UK,yearly
A-dcc3f1,James Khan,adcc3f1@ravenstack.demo,Company_314,2024-12-24,24,50,9,1,HealthTech,US,yearly
A-de24d5,Isabella Garcia,ade24d5@ravenstack.demo,Company_231,2024-11-22,0,32,7,1,DevTools,US,monthly
A-de58ca,Noah Wilson,ade58ca@ravenstack.demo,Company_212,2024-12-21,18,8,5,0,HealthTech,DE,yearly
A-dec005,Leo Martin,adec005@ravenstack.demo,Company_445,2024-12-27,22,41,2,1,HealthTech,US,monthly
A-df10db,Mia White,adf10db@ravenstack.demo,Company_143,2024-12-24,34,25,2,0,DevTools,US,monthly
A-df1e44,Harper Moore,adf1e44@ravenstack.demo,Company_323,2024-12-09,23,30,2,0,Cybersecurity,UK,monthly
A-dfbd31,Ethan Lee,adfbd31@ravenstack.demo,Company_190,2024-12-14,16,0,6,0,DevTools,UK,monthly
A-e08cd3,Isabella Garcia,ae08cd3@ravenstack.demo,Company_475,2024-12-30,34,11,8,1,FinTech,US,yearly
A-e1462e,Harper Brown,ae1462e@ravenstack.demo,Company_217,2024-11-10,0,5,2,1,FinTech,UK,yearly
A-e19ff6,Ava Moore,ae19ff6@ravenstack.demo,Company_411,2024-12-16,10,22,3,1,Cybersecurity,UK,monthly
A-e1b9cd,Ethan Wilson,ae1b9cd@ravenstack.demo,Company_484,2024-12-12,13,23,1,0,DevTools,US,monthly
A-e2cd1b,Amelia Martin,ae2cd1b@ravenstack.demo,Company_121,2024-12-25,17,15,5,0,DevTools,US,yearly
A-e351e1,Lucas Smith,ae351e1@ravenstack.demo,Company_62,2024-12-14,29,7,4,1,EdTech,US,monthly
A-e36807,Noah Wilson,ae36807@ravenstack.demo,Company_164,2024-12-29,17,26,2,0,EdTech,AU,monthly
A-e3bd71,Benjamin Patel,ae3bd71@ravenstack.demo,Company_347,2024-12-20,11,59,4,1,Cybersecurity,US,yearly
A-e40f45,Mia Taylor,ae40f45@ravenstack.demo,Company_317,2024-12-29,52,21,7,0,HealthTech,US,yearly
A-e4144b,Henry Jackson,ae4144b@ravenstack.demo,Company_316,2024-12-23,30,16,3,0,EdTech,UK,yearly
A-e43bf7,Mia Martin,ae43bf7@ravenstack.demo,Company_215,2024-12-08,8,22,5,0,Cybersecurity,AU,yearly
A-e4bf56,Sophia Anderson,ae4bf56@ravenstack.demo,Company_272,2024-12-23,18,29,8,0,HealthTech,IN,monthly
A-e51ec7,Ethan Lee,ae51ec7@ravenstack.demo,Company_113,2024-12-05,14,7,3,0,FinTech,CA,monthly
A-e5d6ab,Ava Moore,ae5d6ab@ravenstack.demo,Company_7,2024-12-02,9,27,3,0,EdTech,US,yearly
A-e60f9d,Olivia Johnson,ae60f9d@ravenstack.demo,Company_178,2024-10-29,0,0,2,0,FinTech,US,yearly
A-e61e98,Amelia Martin,ae61e98@ravenstack.demo,Company_115,2024-12-27,10,0,6,0,FinTech,US,yearly
A-e693b6,James Brown,ae693b6@ravenstack.demo,Company_240,2024-12-31,30,13,1,0,FinTech,AU,yearly
A-e6afc1,Harper Lee,ae6afc1@ravenstack.demo,Company_346,2024-12-16,11,7,0,1,DevTools,US,monthly
A-e7a1e2,Charlotte Martin,ae7a1e2@ravenstack.demo,Company_295,2024-12-21,44,50,1,0,Cybersecurity,US,yearly
A-e7beab,Henry Anderson,ae7beab@ravenstack.demo,Company_458,2024-10-13,0,0,6,0,EdTech,DE,monthly
A-e83938,Harper White,ae83938@ravenstack.demo,Company_111,2024-12-15,9,0,4,1,DevTools,UK,yearly
A-e888d1,Charlotte Patel,ae888d1@ravenstack.demo,Company_102,2024-12-19,23,11,5,0,Cybersecurity,US,monthly
A-e89151,Harper Wilson,ae89151@ravenstack.demo,Company_234,2024-12-30,53,5,2,0,FinTech,UK,yearly
A-e98302,Ava Brown,ae98302@ravenstack.demo,Company_286,2024-12-12,5,11,9,0,EdTech,US,yearly
A-eafc6e,Henry Brown,aeafc6e@ravenstack.demo,Company_149,2024-11-30,0,21,1,0,DevTools,US,monthly
A-eb1312,Leo Patel,aeb1312@ravenstack.demo,Company_322,2024-12-18,15,47,1,0,FinTech,US,yearly
A-eb2fdc,Noah Jackson,aeb2fdc@ravenstack.demo,Company_216,2024-11-29,0,53,5,0,DevTools,AU,yearly
A-eb7c38,Noah Martin,aeb7c38@ravenstack.demo,Company_47,2024-12-15,8,26,5,0,DevTools,AU,yearly
A-eb7fac,Ava Moore,aeb7fac@ravenstack.demo,Company_28,2024-12-19,10,28,4,0,DevTools,US,monthly
A-ed510f,Amelia Khan,aed510f@ravenstack.demo,Company_361,2024-12-17,28,13,9,0,Cybersecurity,IN,monthly
A-ee42db,Olivia Khan,aee42db@ravenstack.demo,Company_77,2024-12-26,41,26,4,0,EdTech,DE,monthly
A-ef84cf,Henry Lee,aef84cf@ravenstack.demo,Company_274,2024-12-31,27,14,5,0,EdTech,US,monthly
A-f03140,Noah Patel,af03140@ravenstack.demo,Company_209,2024-12-30,21,27,7,0,DevTools,IN,yearly
A-f17767,Henry Thomas,af17767@ravenstack.demo,Company_123,2024-12-25,40,0,3,0,DevTools,US,yearly
A-f19409,Ava Smith,af19409@ravenstack.demo,Company_105,2024-12-27,22,53,3,1,DevTools,US,yearly
A-f19b24,Mia Patel,af19b24@ravenstack.demo,Company_462,2024-11-03,0,20,2,0,Cybersecurity,US,monthly
A-f1f639,Harper Brown,af1f639@ravenstack.demo,Company_296,2024-12-20,23,0,7,0,EdTech,US,monthly
A-f25509,Ava Smith,af25509@ravenstack.demo,Company_92,2024-12-28,27,0,6,1,EdTech,US,yearly
A-f3ff05,James Johnson,af3ff05@ravenstack.demo,Company_44,2024-12-31,12,12,3,0,FinTech,IN,monthly
A-f44180,Sophia Wilson,af44180@ravenstack.demo,Company_376,2024-12-15,30,9,2,1,Cybersecurity,UK,yearly
A-f446b6,Sophia Khan,af446b6@ravenstack.demo,Company_36,2024-12-14,15,27,8,0,DevTools,DE,yearly
A-f45426,Henry White,af45426@ravenstack.demo,Company_172,2024-12-26,59,21,3,1,HealthTech,US,monthly
A-f51f16,Lucas Thomas,af51f16@ravenstack.demo,Company_282,2024-12-08,8,12,4,0,HealthTech,US,yearly
A-f5641b,Noah Martin,af5641b@ravenstack.demo,Company_382,2024-12-11,20,35,4,0,EdTech,US,monthly
A-f6b2fb,Isabella Garcia,af6b2fb@ravenstack.demo,Company_418,2024-12-24,16,0,5,1,DevTools,AU,monthly
A-f92792,Benjamin Patel,af92792@ravenstack.demo,Company_67,2024-12-27,33,11,2,1,FinTech,US,yearly
A-f97b9a,Isabella Thomas,af97b9a@ravenstack.demo,Company_159,2024-12-29,24,28,7,0,FinTech,US,yearly
A-f9cc74,Liam Moore,af9cc74@ravenstack.demo,Company_360,2024-12-31,13,24,6,0,DevTools,FR,monthly
A-fa2041,Sophia Moore,afa2041@ravenstack.demo,Company_211,2024-12-26,45,9,1,0,HealthTech,US,yearly
A-fa3095,Amelia Kim,afa3095@ravenstack.demo,Company_174,2024-12-15,28,58,5,0,FinTech,US,yearly
A-faa28c,Leo Martin,afaa28c@ravenstack.demo,Company_91,2024-12-28,38,6,4,0,HealthTech,US,monthly
A-fabe19,Harper Garcia,afabe19@ravenstack.demo,Company_97,2024-12-25,42,12,3,1,DevTools,UK,monthly
A-fb186e,Ava Martin,afb186e@ravenstack.demo,Company_131,2024-10-28,0,0,6,0,EdTech,IN,yearly
A-fce879,Harper Moore,afce879@ravenstack.demo,Company_291,2024-11-30,0,16,2,0,EdTech,UK,yearly
A-fd7ad3,Ava Kim,afd7ad3@ravenstack.demo,Company_100,2024-11-25,0,37,8,0,Cybersecurity,US,monthly
A-fd9422,Liam Johnson,afd9422@ravenstack.demo,Company_263,2024-12-30,36,33,6,1,Cybersecurity,US,yearly
A-fda07f,Isabella Brown,afda07f@ravenstack.demo,Company_230,2024-12-31,50,7,5,0,Cybersecurity,FR,monthly
A-fdfc91,James Patel,afdfc91@ravenstack.demo,Company_414,2024-11-19,0,20,5,0,Cybersecurity,US,monthly
A-fe79a5,Harper Khan,afe79a5@ravenstack.demo,Company_81,2024-12-08,8,7,4,0,HealthTech,IN,yearly
A-ff3c73,Liam Lee,aff3c73@ravenstack.demo,Company_244,2024-12-28,32,13,2,0,HealthTech,AU,yearly
A-ff79f2,Harper Smith,aff79f2@ravenstack.demo,Company_165,2024-11-22,0,29,2,1,DevTools,US,monthly
A-ffc04f,Mia Garcia,affc04f@ravenstack.demo,Company_307,2024-12-09,17,19,7,0,EdTech,US,monthly
A-ffdfd5,Amelia Garcia,affdfd5@ravenstack.demo,Company_365,2024-12-21,18,23,0,0,EdTech,US,yearly
