"customer_id","name","email","company","last_login_at","days_inactive","current_sessions","previous_sessions","support_complaints","payment_delay","region","account_manager"
"CUST0001","Emma Brown","emma.brown1@techflowinc.com","TechFlow Inc","2026-02-14","83","12","128","7","1","EU","Tom R."
"CUST0002","Liam Miller","liam.miller2@novasoft.com","NovaSoft","2026-02-20","77","3","129","9","1","APAC","Mike L."
"CUST0003","Olivia Taylor","olivia.taylor3@databridge.com","DataBridge","2026-02-25","72","8","126","7","1","LATAM","Priya S."
"CUST0004","Noah Jackson","noah.jackson4@cloudpeak.com","CloudPeak","2026-02-08","89","4","128","8","1","MEA","David N."
"CUST0005","Ava Martin","ava.martin5@vertexailtd.com","VertexAI Ltd","2026-02-09","88","14","158","6","1","US","Sarah K."
"CUST0006","William Robinson","william.robinson6@skylabs.com","SkyLabs","2026-02-21","76","9","86","9","1","EU","Tom R."
"CUST0007","Sophia Allen","sophia.allen7@omnitech.com","OmniTech","2026-02-13","84","7","85","9","1","APAC","Mike L."
"CUST0008","Oliver Scott","oliver.scott8@nexgensystems.com","NexGen Systems","2026-02-11","86","4","90","8","1","LATAM","Priya S."
"CUST0009","Isabella Williams","isabella.williams9@coresystems.com","CoreSystems","2026-02-11","86","12","150","7","1","MEA","David N."
"CUST0010","Elijah Garcia","elijah.garcia10@blueprintco.com","BluePrint Co","2026-02-16","81","6","152","9","1","US","Sarah K."
"CUST0011","Mia Wilson","mia.wilson11@redshift.com","RedShift","2026-02-08","89","8","117","7","1","EU","Tom R."
"CUST0012","James Thomas","james.thomas12@purpledot.com","PurpleDot","2026-02-13","84","5","130","8","1","APAC","Mike L."
"CUST0013","Charlotte Harris","charlotte.harris13@greenwave.com","GreenWave","2026-02-17","80","3","112","6","1","LATAM","Priya S."
"CUST0014","Lucas Lee","lucas.lee14@yellowstar.com","YellowStar","2026-02-09","88","14","138","8","1","MEA","David N."
"CUST0015","Amelia Hall","amelia.hall15@ironclad.com","Ironclad","2026-02-12","85","12","105","8","1","US","Sarah K."
"CUST0016","Mason King","mason.king16@pixelworks.com","Pixelworks","2026-02-20","77","4","119","6","1","EU","Tom R."
"CUST0017","Harper Johnson","harper.johnson17@stormcloud.com","StormCloud","2026-02-16","81","6","103","9","1","APAC","Mike L."
"CUST0018","Logan Jones","logan.jones18@northbay.com","NorthBay","2026-02-09","88","13","127","9","1","LATAM","Priya S."
"CUST0019","Evelyn Davis","evelyn.davis19@silverline.com","SilverLine","2026-02-15","82","3","93","6","1","MEA","David N."
"CUST0020","Ethan Anderson","ethan.anderson20@alphagrid.com","AlphaGrid","2026-02-13","84","4","85","8","1","US","Sarah K."
"CUST0021","Abigail White","abigail.white21@betasync.com","BetaSync","2026-02-19","78","13","120","6","1","EU","Tom R."
"CUST0022","Aiden Thompson","aiden.thompson22@deltaforce.com","DeltaForce","2026-02-11","86","2","83","9","1","APAC","Mike L."
"CUST0023","Emily Walker","emily.walker23@gammatech.com","GammaTech","2026-02-12","85","5","159","8","1","LATAM","Priya S."
"CUST0024","Jackson Young","jackson.young24@omegasoft.com","OmegaSoft","2026-02-13","84","10","107","8","1","MEA","David N."
"CUST0025","James Smith","james.smith25@acmecorp.com","Acme Corp","2026-02-08","89","6","88","7","1","US","Sarah K."
"CUST0026","Emma Brown","emma.brown26@techflowinc.com","TechFlow Inc","2026-02-14","83","6","110","6","1","EU","Tom R."
"CUST0027","Liam Miller","liam.miller27@novasoft.com","NovaSoft","2026-02-23","74","8","104","8","1","APAC","Mike L."
"CUST0028","Olivia Taylor","olivia.taylor28@databridge.com","DataBridge","2026-02-23","74","3","91","8","1","LATAM","Priya S."
"CUST0029","Noah Jackson","noah.jackson29@cloudpeak.com","CloudPeak","2026-02-21","76","11","124","6","1","MEA","David N."
"CUST0030","Ava Martin","ava.martin30@vertexailtd.com","VertexAI Ltd","2026-02-08","89","6","81","6","1","US","Sarah K."
"CUST0031","William Robinson","william.robinson31@skylabs.com","SkyLabs","2026-02-09","88","8","135","7","1","EU","Tom R."
"CUST0032","Sophia Allen","sophia.allen32@omnitech.com","OmniTech","2026-02-11","86","6","110","7","1","APAC","Mike L."
"CUST0033","Oliver Scott","oliver.scott33@nexgensystems.com","NexGen Systems","2026-02-19","78","7","143","9","1","LATAM","Priya S."
"CUST0034","Isabella Williams","isabella.williams34@coresystems.com","CoreSystems","2026-02-08","89","7","143","8","1","MEA","David N."
"CUST0035","Elijah Garcia","elijah.garcia35@blueprintco.com","BluePrint Co","2026-02-25","72","7","95","9","1","US","Sarah K."
"CUST0036","Mia Wilson","mia.wilson36@redshift.com","RedShift","2026-02-13","84","13","146","8","1","EU","Tom R."
"CUST0037","James Thomas","james.thomas37@purpledot.com","PurpleDot","2026-02-13","84","14","152","7","1","APAC","Mike L."
"CUST0038","Charlotte Harris","charlotte.harris38@greenwave.com","GreenWave","2026-02-23","74","8","130","7","1","LATAM","Priya S."
"CUST0039","Lucas Lee","lucas.lee39@yellowstar.com","YellowStar","2026-02-10","87","8","157","9","1","MEA","David N."
"CUST0040","Amelia Hall","amelia.hall40@ironclad.com","Ironclad","2026-02-23","74","16","148","9","1","US","Sarah K."
"CUST0041","Mason King","mason.king41@pixelworks.com","Pixelworks","2026-02-16","81","17","157","9","1","EU","Tom R."
"CUST0042","Harper Johnson","harper.johnson42@stormcloud.com","StormCloud","2026-02-17","80","3","133","6","1","APAC","Mike L."
"CUST0043","Logan Jones","logan.jones43@northbay.com","NorthBay","2026-02-22","75","2","119","6","1","LATAM","Priya S."
"CUST0044","Evelyn Davis","evelyn.davis44@silverline.com","SilverLine","2026-02-09","88","2","89","7","1","MEA","David N."
"CUST0045","Ethan Anderson","ethan.anderson45@alphagrid.com","AlphaGrid","2026-02-08","89","7","146","8","1","US","Sarah K."
"CUST0046","Abigail White","abigail.white46@betasync.com","BetaSync","2026-02-17","80","8","89","6","1","EU","Tom R."
"CUST0047","Aiden Thompson","aiden.thompson47@deltaforce.com","DeltaForce","2026-02-23","74","8","127","9","1","APAC","Mike L."
"CUST0048","Emily Walker","emily.walker48@gammatech.com","GammaTech","2026-02-24","73","11","98","6","1","LATAM","Priya S."
"CUST0049","Jackson Young","jackson.young49@omegasoft.com","OmegaSoft","2026-02-15","82","2","104","9","1","MEA","David N."
"CUST0050","James Smith","james.smith50@acmecorp.com","Acme Corp","2026-02-08","89","8","128","6","1","US","Sarah K."
"CUST0051","Emma Brown","emma.brown51@techflowinc.com","TechFlow Inc","2026-02-14","83","3","94","6","1","EU","Tom R."
"CUST0052","Liam Miller","liam.miller52@novasoft.com","NovaSoft","2026-02-14","83","7","120","8","1","APAC","Mike L."
"CUST0053","Olivia Taylor","olivia.taylor53@databridge.com","DataBridge","2026-02-18","79","13","126","7","1","LATAM","Priya S."
"CUST0054","Noah Jackson","noah.jackson54@cloudpeak.com","CloudPeak","2026-02-14","83","2","118","6","1","MEA","David N."
"CUST0055","Ava Martin","ava.martin55@vertexailtd.com","VertexAI Ltd","2026-02-24","73","6","142","6","1","US","Sarah K."
"CUST0056","William Robinson","william.robinson56@skylabs.com","SkyLabs","2026-02-25","72","4","103","6","1","EU","Tom R."
"CUST0057","Sophia Allen","sophia.allen57@omnitech.com","OmniTech","2026-02-08","89","7","81","9","1","APAC","Mike L."
"CUST0058","Oliver Scott","oliver.scott58@nexgensystems.com","NexGen Systems","2026-02-21","76","7","94","9","1","LATAM","Priya S."
"CUST0059","Isabella Williams","isabella.williams59@coresystems.com","CoreSystems","2026-02-23","74","8","156","9","1","MEA","David N."
"CUST0060","Elijah Garcia","elijah.garcia60@blueprintco.com","BluePrint Co","2026-02-15","82","3","95","9","1","US","Sarah K."
"CUST0061","Mia Wilson","mia.wilson61@redshift.com","RedShift","2026-02-22","75","10","140","8","1","EU","Tom R."
"CUST0062","James Thomas","james.thomas62@purpledot.com","PurpleDot","2026-02-16","81","15","138","8","1","APAC","Mike L."
"CUST0063","Charlotte Harris","charlotte.harris63@greenwave.com","GreenWave","2026-02-24","73","5","123","6","1","LATAM","Priya S."
"CUST0064","Lucas Lee","lucas.lee64@yellowstar.com","YellowStar","2026-02-15","82","8","106","9","1","MEA","David N."
"CUST0065","Amelia Hall","amelia.hall65@ironclad.com","Ironclad","2026-02-12","85","12","148","6","1","US","Sarah K."
"CUST0066","Mason King","mason.king66@pixelworks.com","Pixelworks","2026-02-12","85","5","109","7","1","EU","Tom R."
"CUST0067","Harper Johnson","harper.johnson67@stormcloud.com","StormCloud","2026-02-20","77","3","82","9","1","APAC","Mike L."
"CUST0068","Logan Jones","logan.jones68@northbay.com","NorthBay","2026-02-18","79","7","120","9","1","LATAM","Priya S."
"CUST0069","Evelyn Davis","evelyn.davis69@silverline.com","SilverLine","2026-02-23","74","8","151","8","1","MEA","David N."
"CUST0070","Ethan Anderson","ethan.anderson70@alphagrid.com","AlphaGrid","2026-02-14","83","10","122","6","1","US","Sarah K."
"CUST0071","Abigail White","abigail.white71@betasync.com","BetaSync","2026-02-09","88","15","136","7","1","EU","Tom R."
"CUST0072","Aiden Thompson","aiden.thompson72@deltaforce.com","DeltaForce","2026-02-22","75","11","109","8","1","APAC","Mike L."
"CUST0073","Emily Walker","emily.walker73@gammatech.com","GammaTech","2026-02-19","78","15","152","8","1","LATAM","Priya S."
"CUST0074","Jackson Young","jackson.young74@omegasoft.com","OmegaSoft","2026-02-11","86","12","137","9","1","MEA","David N."
"CUST0075","James Smith","james.smith75@acmecorp.com","Acme Corp","2026-02-12","85","3","106","9","1","US","Sarah K."
"CUST0076","Emma Brown","emma.brown76@techflowinc.com","TechFlow Inc","2026-02-20","77","9","114","8","1","EU","Tom R."
"CUST0077","Liam Miller","liam.miller77@novasoft.com","NovaSoft","2026-02-19","78","2","117","9","1","APAC","Mike L."
"CUST0078","Olivia Taylor","olivia.taylor78@databridge.com","DataBridge","2026-02-08","89","10","121","9","1","LATAM","Priya S."
"CUST0079","Noah Jackson","noah.jackson79@cloudpeak.com","CloudPeak","2026-02-14","83","9","101","9","1","MEA","David N."
"CUST0080","Ava Martin","ava.martin80@vertexailtd.com","VertexAI Ltd","2026-02-08","89","3","95","6","1","US","Sarah K."
"CUST0081","William Robinson","william.robinson81@skylabs.com","SkyLabs","2026-02-20","77","11","157","8","1","EU","Tom R."
"CUST0082","Sophia Allen","sophia.allen82@omnitech.com","OmniTech","2026-02-20","77","4","132","9","1","APAC","Mike L."
"CUST0083","Oliver Scott","oliver.scott83@nexgensystems.com","NexGen Systems","2026-02-18","79","7","100","9","1","LATAM","Priya S."
"CUST0084","Isabella Williams","isabella.williams84@coresystems.com","CoreSystems","2026-02-24","73","3","132","9","1","MEA","David N."
"CUST0085","Elijah Garcia","elijah.garcia85@blueprintco.com","BluePrint Co","2026-02-23","74","15","152","6","1","US","Sarah K."
"CUST0086","Mia Wilson","mia.wilson86@redshift.com","RedShift","2026-02-25","72","4","101","7","1","EU","Tom R."
"CUST0087","James Thomas","james.thomas87@purpledot.com","PurpleDot","2026-02-12","85","10","137","7","1","APAC","Mike L."
"CUST0088","Charlotte Harris","charlotte.harris88@greenwave.com","GreenWave","2026-02-13","84","6","152","6","1","LATAM","Priya S."
"CUST0089","Lucas Lee","lucas.lee89@yellowstar.com","YellowStar","2026-02-24","73","4","148","7","1","MEA","David N."
"CUST0090","Amelia Hall","amelia.hall90@ironclad.com","Ironclad","2026-02-11","86","3","92","9","1","US","Sarah K."
"CUST0091","Mason King","mason.king91@pixelworks.com","Pixelworks","2026-02-12","85","9","127","6","1","EU","Tom R."
"CUST0092","Harper Johnson","harper.johnson92@stormcloud.com","StormCloud","2026-02-09","88","2","83","9","1","APAC","Mike L."
"CUST0093","Logan Jones","logan.jones93@northbay.com","NorthBay","2026-02-20","77","6","82","9","1","LATAM","Priya S."
"CUST0094","Evelyn Davis","evelyn.davis94@silverline.com","SilverLine","2026-02-17","80","5","91","8","1","MEA","David N."
"CUST0095","Ethan Anderson","ethan.anderson95@alphagrid.com","AlphaGrid","2026-02-12","85","13","128","7","1","US","Sarah K."
"CUST0096","Abigail White","abigail.white96@betasync.com","BetaSync","2026-02-24","73","8","86","8","1","EU","Tom R."
"CUST0097","Aiden Thompson","aiden.thompson97@deltaforce.com","DeltaForce","2026-02-20","77","5","127","6","1","APAC","Mike L."
"CUST0098","Emily Walker","emily.walker98@gammatech.com","GammaTech","2026-02-17","80","8","139","6","1","LATAM","Priya S."
"CUST0099","Jackson Young","jackson.young99@omegasoft.com","OmegaSoft","2026-02-11","86","9","100","6","1","MEA","David N."
"CUST0100","James Smith","james.smith100@acmecorp.com","Acme Corp","2026-02-14","83","14","150","7","1","US","Sarah K."
"CUST0101","Emma Brown","emma.brown101@techflowinc.com","TechFlow Inc","2026-02-23","74","11","120","8","1","EU","Tom R."
"CUST0102","Liam Miller","liam.miller102@novasoft.com","NovaSoft","2026-02-17","80","8","103","6","1","APAC","Mike L."
"CUST0103","Olivia Taylor","olivia.taylor103@databridge.com","DataBridge","2026-02-21","76","4","103","9","1","LATAM","Priya S."
"CUST0104","Noah Jackson","noah.jackson104@cloudpeak.com","CloudPeak","2026-02-09","88","5","124","9","1","MEA","David N."
"CUST0105","Ava Martin","ava.martin105@vertexailtd.com","VertexAI Ltd","2026-02-11","86","12","136","8","1","US","Sarah K."
"CUST0106","William Robinson","william.robinson106@skylabs.com","SkyLabs","2026-02-17","80","5","83","9","1","EU","Tom R."
"CUST0107","Sophia Allen","sophia.allen107@omnitech.com","OmniTech","2026-02-08","89","2","101","7","1","APAC","Mike L."
"CUST0108","Oliver Scott","oliver.scott108@nexgensystems.com","NexGen Systems","2026-02-15","82","5","133","9","1","LATAM","Priya S."
"CUST0109","Isabella Williams","isabella.williams109@coresystems.com","CoreSystems","2026-02-10","87","5","157","8","1","MEA","David N."
"CUST0110","Elijah Garcia","elijah.garcia110@blueprintco.com","BluePrint Co","2026-02-22","75","6","151","7","1","US","Sarah K."
"CUST0111","Mia Wilson","mia.wilson111@redshift.com","RedShift","2026-02-24","73","2","85","9","1","EU","Tom R."
"CUST0112","James Thomas","james.thomas112@purpledot.com","PurpleDot","2026-02-19","78","7","133","7","1","APAC","Mike L."
"CUST0113","Charlotte Harris","charlotte.harris113@greenwave.com","GreenWave","2026-02-20","77","12","147","6","1","LATAM","Priya S."
"CUST0114","Lucas Lee","lucas.lee114@yellowstar.com","YellowStar","2026-02-13","84","5","102","9","1","MEA","David N."
"CUST0115","Amelia Hall","amelia.hall115@ironclad.com","Ironclad","2026-02-16","81","11","119","8","1","US","Sarah K."
"CUST0116","Mason King","mason.king116@pixelworks.com","Pixelworks","2026-02-18","79","14","123","8","1","EU","Tom R."
"CUST0117","Harper Johnson","harper.johnson117@stormcloud.com","StormCloud","2026-02-20","77","9","155","9","1","APAC","Mike L."
"CUST0118","Logan Jones","logan.jones118@northbay.com","NorthBay","2026-02-21","76","8","114","6","1","LATAM","Priya S."
"CUST0119","Evelyn Davis","evelyn.davis119@silverline.com","SilverLine","2026-02-12","85","7","111","9","1","MEA","David N."
"CUST0120","Ethan Anderson","ethan.anderson120@alphagrid.com","AlphaGrid","2026-02-24","73","6","110","8","1","US","Sarah K."
"CUST0121","Abigail White","abigail.white121@betasync.com","BetaSync","2026-02-13","84","9","158","8","1","EU","Tom R."
"CUST0122","Aiden Thompson","aiden.thompson122@deltaforce.com","DeltaForce","2026-02-25","72","4","138","9","1","APAC","Mike L."
"CUST0123","Emily Walker","emily.walker123@gammatech.com","GammaTech","2026-02-16","81","3","84","6","1","LATAM","Priya S."
"CUST0124","Jackson Young","jackson.young124@omegasoft.com","OmegaSoft","2026-02-23","74","10","100","9","1","MEA","David N."
"CUST0125","James Smith","james.smith125@acmecorp.com","Acme Corp","2026-02-20","77","9","82","6","1","US","Sarah K."
"CUST0126","Emma Brown","emma.brown126@techflowinc.com","TechFlow Inc","2026-02-13","84","6","93","9","1","EU","Tom R."
"CUST0127","Liam Miller","liam.miller127@novasoft.com","NovaSoft","2026-02-21","76","8","151","8","1","APAC","Mike L."
"CUST0128","Olivia Taylor","olivia.taylor128@databridge.com","DataBridge","2026-02-21","76","4","134","6","1","LATAM","Priya S."
"CUST0129","Noah Jackson","noah.jackson129@cloudpeak.com","CloudPeak","2026-02-13","84","7","143","9","1","MEA","David N."
"CUST0130","Ava Martin","ava.martin130@vertexailtd.com","VertexAI Ltd","2026-02-08","89","7","102","9","1","US","Sarah K."
"CUST0131","William Robinson","william.robinson131@skylabs.com","SkyLabs","2026-02-22","75","3","85","8","1","EU","Tom R."
"CUST0132","Sophia Allen","sophia.allen132@omnitech.com","OmniTech","2026-02-09","88","10","130","8","1","APAC","Mike L."
"CUST0133","Oliver Scott","oliver.scott133@nexgensystems.com","NexGen Systems","2026-02-10","87","11","112","7","1","LATAM","Priya S."
"CUST0134","Isabella Williams","isabella.williams134@coresystems.com","CoreSystems","2026-02-13","84","12","132","9","1","MEA","David N."
"CUST0135","Elijah Garcia","elijah.garcia135@blueprintco.com","BluePrint Co","2026-02-21","76","8","157","6","1","US","Sarah K."
"CUST0136","Mia Wilson","mia.wilson136@redshift.com","RedShift","2026-02-10","87","3","82","7","1","EU","Tom R."
"CUST0137","James Thomas","james.thomas137@purpledot.com","PurpleDot","2026-02-24","73","13","144","7","1","APAC","Mike L."
"CUST0138","Charlotte Harris","charlotte.harris138@greenwave.com","GreenWave","2026-02-14","83","12","150","7","1","LATAM","Priya S."
"CUST0139","Lucas Lee","lucas.lee139@yellowstar.com","YellowStar","2026-02-15","82","11","151","8","1","MEA","David N."
"CUST0140","Amelia Hall","amelia.hall140@ironclad.com","Ironclad","2026-02-19","78","8","136","7","1","US","Sarah K."
"CUST0141","Mason King","mason.king141@pixelworks.com","Pixelworks","2026-02-25","72","15","136","9","1","EU","Tom R."
"CUST0142","Harper Johnson","harper.johnson142@stormcloud.com","StormCloud","2026-02-25","72","14","128","7","1","APAC","Mike L."
"CUST0143","Logan Jones","logan.jones143@northbay.com","NorthBay","2026-02-15","82","4","136","9","1","LATAM","Priya S."
"CUST0144","Evelyn Davis","evelyn.davis144@silverline.com","SilverLine","2026-02-24","73","6","96","6","1","MEA","David N."
"CUST0145","Ethan Anderson","ethan.anderson145@alphagrid.com","AlphaGrid","2026-02-17","80","9","146","8","1","US","Sarah K."
"CUST0146","Abigail White","abigail.white146@betasync.com","BetaSync","2026-02-23","74","6","96","6","1","EU","Tom R."
"CUST0147","Aiden Thompson","aiden.thompson147@deltaforce.com","DeltaForce","2026-02-25","72","10","100","6","1","APAC","Mike L."
"CUST0148","Emily Walker","emily.walker148@gammatech.com","GammaTech","2026-02-21","76","12","156","6","1","LATAM","Priya S."
"CUST0149","Jackson Young","jackson.young149@omegasoft.com","OmegaSoft","2026-02-25","72","6","139","6","1","MEA","David N."
"CUST0150","James Smith","james.smith150@acmecorp.com","Acme Corp","2026-02-16","81","8","94","7","1","US","Sarah K."
"CUST0151","Emma Brown","emma.brown151@techflowinc.com","TechFlow Inc","2026-02-20","77","6","123","8","1","EU","Tom R."
"CUST0152","Liam Miller","liam.miller152@novasoft.com","NovaSoft","2026-02-10","87","8","83","7","1","APAC","Mike L."
"CUST0153","Olivia Taylor","olivia.taylor153@databridge.com","DataBridge","2026-02-24","73","10","100","6","1","LATAM","Priya S."
"CUST0154","Noah Jackson","noah.jackson154@cloudpeak.com","CloudPeak","2026-02-24","73","11","134","8","1","MEA","David N."
"CUST0155","Ava Martin","ava.martin155@vertexailtd.com","VertexAI Ltd","2026-02-16","81","13","145","6","1","US","Sarah K."
"CUST0156","William Robinson","william.robinson156@skylabs.com","SkyLabs","2026-02-23","74","7","132","9","1","EU","Tom R."
"CUST0157","Sophia Allen","sophia.allen157@omnitech.com","OmniTech","2026-02-13","84","5","116","7","1","APAC","Mike L."
"CUST0158","Oliver Scott","oliver.scott158@nexgensystems.com","NexGen Systems","2026-02-15","82","6","87","7","1","LATAM","Priya S."
"CUST0159","Isabella Williams","isabella.williams159@coresystems.com","CoreSystems","2026-02-18","79","3","102","8","1","MEA","David N."
"CUST0160","Elijah Garcia","elijah.garcia160@blueprintco.com","BluePrint Co","2026-02-10","87","9","109","6","1","US","Sarah K."
"CUST0161","Mia Wilson","mia.wilson161@redshift.com","RedShift","2026-02-10","87","4","84","7","1","EU","Tom R."
"CUST0162","James Thomas","james.thomas162@purpledot.com","PurpleDot","2026-02-11","86","5","132","6","1","APAC","Mike L."
"CUST0163","Charlotte Harris","charlotte.harris163@greenwave.com","GreenWave","2026-02-13","84","12","128","7","1","LATAM","Priya S."
"CUST0164","Lucas Lee","lucas.lee164@yellowstar.com","YellowStar","2026-02-21","76","15","149","6","1","MEA","David N."
"CUST0165","Amelia Hall","amelia.hall165@ironclad.com","Ironclad","2026-02-09","88","13","117","8","1","US","Sarah K."
"CUST0166","Mason King","mason.king166@pixelworks.com","Pixelworks","2026-02-24","73","5","97","9","1","EU","Tom R."
"CUST0167","Harper Johnson","harper.johnson167@stormcloud.com","StormCloud","2026-02-18","79","11","154","8","1","APAC","Mike L."
"CUST0168","Logan Jones","logan.jones168@northbay.com","NorthBay","2026-02-08","89","3","114","7","1","LATAM","Priya S."
"CUST0169","Evelyn Davis","evelyn.davis169@silverline.com","SilverLine","2026-02-12","85","15","134","7","1","MEA","David N."
"CUST0170","Ethan Anderson","ethan.anderson170@alphagrid.com","AlphaGrid","2026-02-21","76","5","101","8","1","US","Sarah K."
"CUST0171","Abigail White","abigail.white171@betasync.com","BetaSync","2026-02-14","83","12","130","8","1","EU","Tom R."
"CUST0172","Aiden Thompson","aiden.thompson172@deltaforce.com","DeltaForce","2026-02-24","73","5","123","7","1","APAC","Mike L."
"CUST0173","Emily Walker","emily.walker173@gammatech.com","GammaTech","2026-02-12","85","11","127","6","1","LATAM","Priya S."
"CUST0174","Jackson Young","jackson.young174@omegasoft.com","OmegaSoft","2026-02-14","83","10","141","7","1","MEA","David N."
"CUST0175","James Smith","james.smith175@acmecorp.com","Acme Corp","2026-02-19","78","8","106","8","1","US","Sarah K."
"CUST0176","Emma Brown","emma.brown176@techflowinc.com","TechFlow Inc","2026-02-15","82","11","136","9","1","EU","Tom R."
"CUST0177","Liam Miller","liam.miller177@novasoft.com","NovaSoft","2026-02-16","81","10","98","7","1","APAC","Mike L."
"CUST0178","Olivia Taylor","olivia.taylor178@databridge.com","DataBridge","2026-02-19","78","10","130","7","1","LATAM","Priya S."
"CUST0179","Noah Jackson","noah.jackson179@cloudpeak.com","CloudPeak","2026-02-19","78","15","154","7","1","MEA","David N."
"CUST0180","Ava Martin","ava.martin180@vertexailtd.com","VertexAI Ltd","2026-02-19","78","5","123","6","1","US","Sarah K."
"CUST0181","William Robinson","william.robinson181@skylabs.com","SkyLabs","2026-02-19","78","9","90","9","1","EU","Tom R."
"CUST0182","Sophia Allen","sophia.allen182@omnitech.com","OmniTech","2026-02-10","87","7","133","6","1","APAC","Mike L."
"CUST0183","Oliver Scott","oliver.scott183@nexgensystems.com","NexGen Systems","2026-02-16","81","17","151","8","1","LATAM","Priya S."
"CUST0184","Isabella Williams","isabella.williams184@coresystems.com","CoreSystems","2026-02-21","76","9","115","6","1","MEA","David N."
"CUST0185","Elijah Garcia","elijah.garcia185@blueprintco.com","BluePrint Co","2026-02-14","83","9","101","7","1","US","Sarah K."
"CUST0186","Mia Wilson","mia.wilson186@redshift.com","RedShift","2026-02-14","83","10","110","8","1","EU","Tom R."
"CUST0187","James Thomas","james.thomas187@purpledot.com","PurpleDot","2026-02-19","78","9","98","6","1","APAC","Mike L."
"CUST0188","Charlotte Harris","charlotte.harris188@greenwave.com","GreenWave","2026-02-15","82","13","143","6","1","LATAM","Priya S."
"CUST0189","Lucas Lee","lucas.lee189@yellowstar.com","YellowStar","2026-02-23","74","10","146","9","1","MEA","David N."
"CUST0190","Amelia Hall","amelia.hall190@ironclad.com","Ironclad","2026-02-14","83","3","150","7","1","US","Sarah K."
"CUST0191","Mason King","mason.king191@pixelworks.com","Pixelworks","2026-02-24","73","3","100","9","1","EU","Tom R."
"CUST0192","Harper Johnson","harper.johnson192@stormcloud.com","StormCloud","2026-02-20","77","7","148","8","1","APAC","Mike L."
"CUST0193","Logan Jones","logan.jones193@northbay.com","NorthBay","2026-02-21","76","5","154","9","1","LATAM","Priya S."
"CUST0194","Evelyn Davis","evelyn.davis194@silverline.com","SilverLine","2026-02-10","87","6","84","7","1","MEA","David N."
"CUST0195","Ethan Anderson","ethan.anderson195@alphagrid.com","AlphaGrid","2026-02-17","80","6","98","9","1","US","Sarah K."
"CUST0196","Abigail White","abigail.white196@betasync.com","BetaSync","2026-02-18","79","4","83","8","1","EU","Tom R."
"CUST0197","Aiden Thompson","aiden.thompson197@deltaforce.com","DeltaForce","2026-02-12","85","13","120","7","1","APAC","Mike L."
"CUST0198","Emily Walker","emily.walker198@gammatech.com","GammaTech","2026-02-18","79","12","138","7","1","LATAM","Priya S."
"CUST0199","Jackson Young","jackson.young199@omegasoft.com","OmegaSoft","2026-02-14","83","8","97","9","1","MEA","David N."
"CUST0200","James Smith","james.smith200@acmecorp.com","Acme Corp","2026-02-11","86","7","120","6","1","US","Sarah K."
"CUST0201","Emma Brown","emma.brown201@techflowinc.com","TechFlow Inc","2026-03-04","65","22","76","3","1","EU","Tom R."
"CUST0202","Liam Miller","liam.miller202@novasoft.com","NovaSoft","2026-03-14","55","23","90","3","1","APAC","Mike L."
"CUST0203","Olivia Taylor","olivia.taylor203@databridge.com","DataBridge","2026-03-13","56","15","57","4","1","LATAM","Priya S."
"CUST0204","Noah Jackson","noah.jackson204@cloudpeak.com","CloudPeak","2026-03-13","56","30","89","4","0","MEA","David N."
"CUST0205","Ava Martin","ava.martin205@vertexailtd.com","VertexAI Ltd","2026-03-07","62","18","84","3","0","US","Sarah K."
"CUST0206","William Robinson","william.robinson206@skylabs.com","SkyLabs","2026-03-07","62","13","63","2","0","EU","Tom R."
"CUST0207","Sophia Allen","sophia.allen207@omnitech.com","OmniTech","2026-03-08","61","14","76","3","0","APAC","Mike L."
"CUST0208","Oliver Scott","oliver.scott208@nexgensystems.com","NexGen Systems","2026-02-23","74","21","83","4","0","LATAM","Priya S."
"CUST0209","Isabella Williams","isabella.williams209@coresystems.com","CoreSystems","2026-03-02","67","27","78","2","1","MEA","David N."
"CUST0210","Elijah Garcia","elijah.garcia210@blueprintco.com","BluePrint Co","2026-03-07","62","28","90","2","1","US","Sarah K."
"CUST0211","Mia Wilson","mia.wilson211@redshift.com","RedShift","2026-03-13","56","14","80","4","0","EU","Tom R."
"CUST0212","James Thomas","james.thomas212@purpledot.com","PurpleDot","2026-03-11","58","21","85","4","1","APAC","Mike L."
"CUST0213","Charlotte Harris","charlotte.harris213@greenwave.com","GreenWave","2026-03-13","56","15","53","4","0","LATAM","Priya S."
"CUST0214","Lucas Lee","lucas.lee214@yellowstar.com","YellowStar","2026-03-01","68","18","63","4","0","MEA","David N."
"CUST0215","Amelia Hall","amelia.hall215@ironclad.com","Ironclad","2026-03-08","61","16","63","4","1","US","Sarah K."
"CUST0216","Mason King","mason.king216@pixelworks.com","Pixelworks","2026-02-25","72","28","81","3","1","EU","Tom R."
"CUST0217","Harper Johnson","harper.johnson217@stormcloud.com","StormCloud","2026-03-13","56","25","75","2","0","APAC","Mike L."
"CUST0218","Logan Jones","logan.jones218@northbay.com","NorthBay","2026-03-10","59","22","87","3","1","LATAM","Priya S."
"CUST0219","Evelyn Davis","evelyn.davis219@silverline.com","SilverLine","2026-03-04","65","26","95","2","0","MEA","David N."
"CUST0220","Ethan Anderson","ethan.anderson220@alphagrid.com","AlphaGrid","2026-03-02","67","17","75","4","1","US","Sarah K."
"CUST0221","Abigail White","abigail.white221@betasync.com","BetaSync","2026-03-03","66","11","57","3","0","EU","Tom R."
"CUST0222","Aiden Thompson","aiden.thompson222@deltaforce.com","DeltaForce","2026-03-01","68","18","53","2","0","APAC","Mike L."
"CUST0223","Emily Walker","emily.walker223@gammatech.com","GammaTech","2026-03-07","62","21","94","4","1","LATAM","Priya S."
"CUST0224","Jackson Young","jackson.young224@omegasoft.com","OmegaSoft","2026-03-09","60","17","91","2","0","MEA","David N."
"CUST0225","James Smith","james.smith225@acmecorp.com","Acme Corp","2026-03-10","59","17","86","4","1","US","Sarah K."
"CUST0226","Emma Brown","emma.brown226@techflowinc.com","TechFlow Inc","2026-03-06","63","21","72","2","1","EU","Tom R."
"CUST0227","Liam Miller","liam.miller227@novasoft.com","NovaSoft","2026-02-27","70","23","92","4","0","APAC","Mike L."
"CUST0228","Olivia Taylor","olivia.taylor228@databridge.com","DataBridge","2026-03-08","61","16","52","3","0","LATAM","Priya S."
"CUST0229","Noah Jackson","noah.jackson229@cloudpeak.com","CloudPeak","2026-02-28","69","20","71","4","1","MEA","David N."
"CUST0230","Ava Martin","ava.martin230@vertexailtd.com","VertexAI Ltd","2026-02-27","70","12","64","3","1","US","Sarah K."
"CUST0231","William Robinson","william.robinson231@skylabs.com","SkyLabs","2026-02-28","69","14","71","2","0","EU","Tom R."
"CUST0232","Sophia Allen","sophia.allen232@omnitech.com","OmniTech","2026-03-14","55","15","66","2","1","APAC","Mike L."
"CUST0233","Oliver Scott","oliver.scott233@nexgensystems.com","NexGen Systems","2026-03-13","56","27","94","4","1","LATAM","Priya S."
"CUST0234","Isabella Williams","isabella.williams234@coresystems.com","CoreSystems","2026-03-03","66","31","93","4","1","MEA","David N."
"CUST0235","Elijah Garcia","elijah.garcia235@blueprintco.com","BluePrint Co","2026-03-07","62","22","66","2","0","US","Sarah K."
"CUST0236","Mia Wilson","mia.wilson236@redshift.com","RedShift","2026-02-23","74","32","95","4","0","EU","Tom R."
"CUST0237","James Thomas","james.thomas237@purpledot.com","PurpleDot","2026-02-24","73","19","58","3","1","APAC","Mike L."
"CUST0238","Charlotte Harris","charlotte.harris238@greenwave.com","GreenWave","2026-03-05","64","18","56","3","1","LATAM","Priya S."
"CUST0239","Lucas Lee","lucas.lee239@yellowstar.com","YellowStar","2026-03-09","60","28","94","2","1","MEA","David N."
"CUST0240","Amelia Hall","amelia.hall240@ironclad.com","Ironclad","2026-02-27","70","14","56","3","1","US","Sarah K."
"CUST0241","Mason King","mason.king241@pixelworks.com","Pixelworks","2026-03-07","62","15","57","3","0","EU","Tom R."
"CUST0242","Harper Johnson","harper.johnson242@stormcloud.com","StormCloud","2026-03-10","59","27","81","4","0","APAC","Mike L."
"CUST0243","Logan Jones","logan.jones243@northbay.com","NorthBay","2026-02-24","73","19","66","3","1","LATAM","Priya S."
"CUST0244","Evelyn Davis","evelyn.davis244@silverline.com","SilverLine","2026-02-25","72","26","89","3","1","MEA","David N."
"CUST0245","Ethan Anderson","ethan.anderson245@alphagrid.com","AlphaGrid","2026-03-10","59","20","69","4","0","US","Sarah K."
"CUST0246","Abigail White","abigail.white246@betasync.com","BetaSync","2026-02-28","69","16","50","4","0","EU","Tom R."
"CUST0247","Aiden Thompson","aiden.thompson247@deltaforce.com","DeltaForce","2026-02-25","72","10","55","2","0","APAC","Mike L."
"CUST0248","Emily Walker","emily.walker248@gammatech.com","GammaTech","2026-02-23","74","20","88","4","1","LATAM","Priya S."
"CUST0249","Jackson Young","jackson.young249@omegasoft.com","OmegaSoft","2026-02-24","73","26","81","4","0","MEA","David N."
"CUST0250","James Smith","james.smith250@acmecorp.com","Acme Corp","2026-02-27","70","9","52","4","1","US","Sarah K."
"CUST0251","Emma Brown","emma.brown251@techflowinc.com","TechFlow Inc","2026-02-28","69","18","70","2","0","EU","Tom R."
"CUST0252","Liam Miller","liam.miller252@novasoft.com","NovaSoft","2026-03-07","62","20","82","4","0","APAC","Mike L."
"CUST0253","Olivia Taylor","olivia.taylor253@databridge.com","DataBridge","2026-03-04","65","19","81","2","0","LATAM","Priya S."
"CUST0254","Noah Jackson","noah.jackson254@cloudpeak.com","CloudPeak","2026-03-14","55","11","56","4","1","MEA","David N."
"CUST0255","Ava Martin","ava.martin255@vertexailtd.com","VertexAI Ltd","2026-02-27","70","28","84","2","0","US","Sarah K."
"CUST0256","William Robinson","william.robinson256@skylabs.com","SkyLabs","2026-03-05","64","22","70","2","1","EU","Tom R."
"CUST0257","Sophia Allen","sophia.allen257@omnitech.com","OmniTech","2026-03-01","68","21","77","3","1","APAC","Mike L."
"CUST0258","Oliver Scott","oliver.scott258@nexgensystems.com","NexGen Systems","2026-03-03","66","20","91","2","0","LATAM","Priya S."
"CUST0259","Isabella Williams","isabella.williams259@coresystems.com","CoreSystems","2026-02-27","70","23","92","4","0","MEA","David N."
"CUST0260","Elijah Garcia","elijah.garcia260@blueprintco.com","BluePrint Co","2026-02-28","69","18","87","4","0","US","Sarah K."
"CUST0261","Mia Wilson","mia.wilson261@redshift.com","RedShift","2026-02-26","71","14","60","4","1","EU","Tom R."
"CUST0262","James Thomas","james.thomas262@purpledot.com","PurpleDot","2026-03-10","59","15","67","2","1","APAC","Mike L."
"CUST0263","Charlotte Harris","charlotte.harris263@greenwave.com","GreenWave","2026-03-06","63","31","93","2","1","LATAM","Priya S."
"CUST0264","Lucas Lee","lucas.lee264@yellowstar.com","YellowStar","2026-03-13","56","30","99","4","0","MEA","David N."
"CUST0265","Amelia Hall","amelia.hall265@ironclad.com","Ironclad","2026-03-11","58","15","64","3","1","US","Sarah K."
"CUST0266","Mason King","mason.king266@pixelworks.com","Pixelworks","2026-03-01","68","18","65","4","1","EU","Tom R."
"CUST0267","Harper Johnson","harper.johnson267@stormcloud.com","StormCloud","2026-03-14","55","13","71","4","0","APAC","Mike L."
"CUST0268","Logan Jones","logan.jones268@northbay.com","NorthBay","2026-03-04","65","20","85","2","0","LATAM","Priya S."
"CUST0269","Evelyn Davis","evelyn.davis269@silverline.com","SilverLine","2026-03-05","64","21","97","3","1","MEA","David N."
"CUST0270","Ethan Anderson","ethan.anderson270@alphagrid.com","AlphaGrid","2026-03-02","67","33","96","3","0","US","Sarah K."
"CUST0271","Abigail White","abigail.white271@betasync.com","BetaSync","2026-03-08","61","13","50","4","1","EU","Tom R."
"CUST0272","Aiden Thompson","aiden.thompson272@deltaforce.com","DeltaForce","2026-02-26","71","18","84","4","1","APAC","Mike L."
"CUST0273","Emily Walker","emily.walker273@gammatech.com","GammaTech","2026-03-11","58","32","98","3","0","LATAM","Priya S."
"CUST0274","Jackson Young","jackson.young274@omegasoft.com","OmegaSoft","2026-03-05","64","29","98","2","0","MEA","David N."
"CUST0275","James Smith","james.smith275@acmecorp.com","Acme Corp","2026-03-12","57","20","75","2","1","US","Sarah K."
"CUST0276","Emma Brown","emma.brown276@techflowinc.com","TechFlow Inc","2026-03-09","60","20","81","2","0","EU","Tom R."
"CUST0277","Liam Miller","liam.miller277@novasoft.com","NovaSoft","2026-03-10","59","20","74","3","1","APAC","Mike L."
"CUST0278","Olivia Taylor","olivia.taylor278@databridge.com","DataBridge","2026-03-05","64","13","68","3","1","LATAM","Priya S."
"CUST0279","Noah Jackson","noah.jackson279@cloudpeak.com","CloudPeak","2026-02-23","74","16","51","3","0","MEA","David N."
"CUST0280","Ava Martin","ava.martin280@vertexailtd.com","VertexAI Ltd","2026-02-27","70","26","75","4","1","US","Sarah K."
"CUST0281","William Robinson","william.robinson281@skylabs.com","SkyLabs","2026-02-25","72","12","52","2","0","EU","Tom R."
"CUST0282","Sophia Allen","sophia.allen282@omnitech.com","OmniTech","2026-03-08","61","19","80","3","0","APAC","Mike L."
"CUST0283","Oliver Scott","oliver.scott283@nexgensystems.com","NexGen Systems","2026-02-24","73","30","87","4","1","LATAM","Priya S."
"CUST0284","Isabella Williams","isabella.williams284@coresystems.com","CoreSystems","2026-03-09","60","27","78","3","1","MEA","David N."
"CUST0285","Elijah Garcia","elijah.garcia285@blueprintco.com","BluePrint Co","2026-02-28","69","15","84","3","1","US","Sarah K."
"CUST0286","Mia Wilson","mia.wilson286@redshift.com","RedShift","2026-03-02","67","20","94","2","0","EU","Tom R."
"CUST0287","James Thomas","james.thomas287@purpledot.com","PurpleDot","2026-03-01","68","25","99","2","0","APAC","Mike L."
"CUST0288","Charlotte Harris","charlotte.harris288@greenwave.com","GreenWave","2026-03-10","59","11","52","2","1","LATAM","Priya S."
"CUST0289","Lucas Lee","lucas.lee289@yellowstar.com","YellowStar","2026-03-12","57","17","96","3","0","MEA","David N."
"CUST0290","Amelia Hall","amelia.hall290@ironclad.com","Ironclad","2026-02-28","69","21","63","2","0","US","Sarah K."
"CUST0291","Mason King","mason.king291@pixelworks.com","Pixelworks","2026-03-04","65","20","81","2","0","EU","Tom R."
"CUST0292","Harper Johnson","harper.johnson292@stormcloud.com","StormCloud","2026-02-23","74","20","88","2","1","APAC","Mike L."
"CUST0293","Logan Jones","logan.jones293@northbay.com","NorthBay","2026-02-27","70","24","97","4","1","LATAM","Priya S."
"CUST0294","Evelyn Davis","evelyn.davis294@silverline.com","SilverLine","2026-02-25","72","20","75","4","0","MEA","David N."
"CUST0295","Ethan Anderson","ethan.anderson295@alphagrid.com","AlphaGrid","2026-03-07","62","11","52","2","0","US","Sarah K."
"CUST0296","Abigail White","abigail.white296@betasync.com","BetaSync","2026-03-06","63","13","71","3","0","EU","Tom R."
"CUST0297","Aiden Thompson","aiden.thompson297@deltaforce.com","DeltaForce","2026-03-12","57","13","52","4","1","APAC","Mike L."
"CUST0298","Emily Walker","emily.walker298@gammatech.com","GammaTech","2026-03-02","67","15","70","4","1","LATAM","Priya S."
"CUST0299","Jackson Young","jackson.young299@omegasoft.com","OmegaSoft","2026-02-23","74","17","62","3","1","MEA","David N."
"CUST0300","James Smith","james.smith300@acmecorp.com","Acme Corp","2026-03-08","61","17","83","4","1","US","Sarah K."
"CUST0301","Emma Brown","emma.brown301@techflowinc.com","TechFlow Inc","2026-03-07","62","22","71","3","1","EU","Tom R."
"CUST0302","Liam Miller","liam.miller302@novasoft.com","NovaSoft","2026-03-08","61","19","94","4","1","APAC","Mike L."
"CUST0303","Olivia Taylor","olivia.taylor303@databridge.com","DataBridge","2026-03-11","58","12","59","2","0","LATAM","Priya S."
"CUST0304","Noah Jackson","noah.jackson304@cloudpeak.com","CloudPeak","2026-02-28","69","23","88","3","0","MEA","David N."
"CUST0305","Ava Martin","ava.martin305@vertexailtd.com","VertexAI Ltd","2026-03-14","55","18","57","3","1","US","Sarah K."
"CUST0306","William Robinson","william.robinson306@skylabs.com","SkyLabs","2026-03-09","60","22","92","2","1","EU","Tom R."
"CUST0307","Sophia Allen","sophia.allen307@omnitech.com","OmniTech","2026-03-06","63","12","62","3","1","APAC","Mike L."
"CUST0308","Oliver Scott","oliver.scott308@nexgensystems.com","NexGen Systems","2026-03-05","64","17","83","2","1","LATAM","Priya S."
"CUST0309","Isabella Williams","isabella.williams309@coresystems.com","CoreSystems","2026-02-27","70","14","53","3","1","MEA","David N."
"CUST0310","Elijah Garcia","elijah.garcia310@blueprintco.com","BluePrint Co","2026-03-13","56","11","63","3","1","US","Sarah K."
"CUST0311","Mia Wilson","mia.wilson311@redshift.com","RedShift","2026-03-07","62","16","57","2","0","EU","Tom R."
"CUST0312","James Thomas","james.thomas312@purpledot.com","PurpleDot","2026-03-01","68","25","95","2","1","APAC","Mike L."
"CUST0313","Charlotte Harris","charlotte.harris313@greenwave.com","GreenWave","2026-03-12","57","18","74","4","1","LATAM","Priya S."
"CUST0314","Lucas Lee","lucas.lee314@yellowstar.com","YellowStar","2026-02-25","72","18","77","3","1","MEA","David N."
"CUST0315","Amelia Hall","amelia.hall315@ironclad.com","Ironclad","2026-02-27","70","25","77","2","1","US","Sarah K."
"CUST0316","Mason King","mason.king316@pixelworks.com","Pixelworks","2026-03-13","56","21","76","2","1","EU","Tom R."
"CUST0317","Harper Johnson","harper.johnson317@stormcloud.com","StormCloud","2026-03-12","57","18","57","3","1","APAC","Mike L."
"CUST0318","Logan Jones","logan.jones318@northbay.com","NorthBay","2026-02-28","69","18","74","3","1","LATAM","Priya S."
"CUST0319","Evelyn Davis","evelyn.davis319@silverline.com","SilverLine","2026-03-02","67","22","69","2","1","MEA","David N."
"CUST0320","Ethan Anderson","ethan.anderson320@alphagrid.com","AlphaGrid","2026-02-27","70","20","95","3","1","US","Sarah K."
"CUST0321","Abigail White","abigail.white321@betasync.com","BetaSync","2026-03-04","65","19","59","2","1","EU","Tom R."
"CUST0322","Aiden Thompson","aiden.thompson322@deltaforce.com","DeltaForce","2026-02-24","73","19","66","3","0","APAC","Mike L."
"CUST0323","Emily Walker","emily.walker323@gammatech.com","GammaTech","2026-03-09","60","22","77","2","1","LATAM","Priya S."
"CUST0324","Jackson Young","jackson.young324@omegasoft.com","OmegaSoft","2026-03-10","59","28","94","4","0","MEA","David N."
"CUST0325","James Smith","james.smith325@acmecorp.com","Acme Corp","2026-02-23","74","12","50","4","1","US","Sarah K."
"CUST0326","Emma Brown","emma.brown326@techflowinc.com","TechFlow Inc","2026-03-09","60","16","88","4","0","EU","Tom R."
"CUST0327","Liam Miller","liam.miller327@novasoft.com","NovaSoft","2026-03-04","65","22","76","4","1","APAC","Mike L."
"CUST0328","Olivia Taylor","olivia.taylor328@databridge.com","DataBridge","2026-03-05","64","28","99","3","0","LATAM","Priya S."
"CUST0329","Noah Jackson","noah.jackson329@cloudpeak.com","CloudPeak","2026-03-04","65","16","73","3","0","MEA","David N."
"CUST0330","Ava Martin","ava.martin330@vertexailtd.com","VertexAI Ltd","2026-02-23","74","21","63","4","0","US","Sarah K."
"CUST0331","William Robinson","william.robinson331@skylabs.com","SkyLabs","2026-03-10","59","25","93","4","0","EU","Tom R."
"CUST0332","Sophia Allen","sophia.allen332@omnitech.com","OmniTech","2026-03-08","61","22","80","3","0","APAC","Mike L."
"CUST0333","Oliver Scott","oliver.scott333@nexgensystems.com","NexGen Systems","2026-03-09","60","33","96","3","0","LATAM","Priya S."
"CUST0334","Isabella Williams","isabella.williams334@coresystems.com","CoreSystems","2026-03-14","55","23","71","2","0","MEA","David N."
"CUST0335","Elijah Garcia","elijah.garcia335@blueprintco.com","BluePrint Co","2026-02-27","70","13","68","4","1","US","Sarah K."
"CUST0336","Mia Wilson","mia.wilson336@redshift.com","RedShift","2026-02-24","73","11","58","2","0","EU","Tom R."
"CUST0337","James Thomas","james.thomas337@purpledot.com","PurpleDot","2026-02-23","74","15","53","3","1","APAC","Mike L."
"CUST0338","Charlotte Harris","charlotte.harris338@greenwave.com","GreenWave","2026-03-01","68","22","83","2","0","LATAM","Priya S."
"CUST0339","Lucas Lee","lucas.lee339@yellowstar.com","YellowStar","2026-03-06","63","24","79","4","0","MEA","David N."
"CUST0340","Amelia Hall","amelia.hall340@ironclad.com","Ironclad","2026-03-14","55","18","55","3","0","US","Sarah K."
"CUST0341","Mason King","mason.king341@pixelworks.com","Pixelworks","2026-03-13","56","11","50","2","0","EU","Tom R."
"CUST0342","Harper Johnson","harper.johnson342@stormcloud.com","StormCloud","2026-03-11","58","14","50","3","1","APAC","Mike L."
"CUST0343","Logan Jones","logan.jones343@northbay.com","NorthBay","2026-02-25","72","29","96","3","1","LATAM","Priya S."
"CUST0344","Evelyn Davis","evelyn.davis344@silverline.com","SilverLine","2026-03-01","68","18","59","4","1","MEA","David N."
"CUST0345","Ethan Anderson","ethan.anderson345@alphagrid.com","AlphaGrid","2026-03-06","63","25","74","4","0","US","Sarah K."
"CUST0346","Abigail White","abigail.white346@betasync.com","BetaSync","2026-02-27","70","17","72","2","0","EU","Tom R."
"CUST0347","Aiden Thompson","aiden.thompson347@deltaforce.com","DeltaForce","2026-02-24","73","14","63","3","0","APAC","Mike L."
"CUST0348","Emily Walker","emily.walker348@gammatech.com","GammaTech","2026-03-05","64","21","63","2","1","LATAM","Priya S."
"CUST0349","Jackson Young","jackson.young349@omegasoft.com","OmegaSoft","2026-03-12","57","27","87","2","1","MEA","David N."
"CUST0350","James Smith","james.smith350@acmecorp.com","Acme Corp","2026-03-13","56","14","76","4","0","US","Sarah K."
"CUST0351","Emma Brown","emma.brown351@techflowinc.com","TechFlow Inc","2026-03-02","67","22","92","2","1","EU","Tom R."
"CUST0352","Liam Miller","liam.miller352@novasoft.com","NovaSoft","2026-03-03","66","16","76","2","1","APAC","Mike L."
"CUST0353","Olivia Taylor","olivia.taylor353@databridge.com","DataBridge","2026-02-28","69","20","77","3","0","LATAM","Priya S."
"CUST0354","Noah Jackson","noah.jackson354@cloudpeak.com","CloudPeak","2026-03-08","61","14","71","3","0","MEA","David N."
"CUST0355","Ava Martin","ava.martin355@vertexailtd.com","VertexAI Ltd","2026-02-27","70","15","61","4","0","US","Sarah K."
"CUST0356","William Robinson","william.robinson356@skylabs.com","SkyLabs","2026-03-05","64","15","59","4","0","EU","Tom R."
"CUST0357","Sophia Allen","sophia.allen357@omnitech.com","OmniTech","2026-03-05","64","17","61","4","0","APAC","Mike L."
"CUST0358","Oliver Scott","oliver.scott358@nexgensystems.com","NexGen Systems","2026-03-11","58","13","51","4","0","LATAM","Priya S."
"CUST0359","Isabella Williams","isabella.williams359@coresystems.com","CoreSystems","2026-03-07","62","23","69","3","0","MEA","David N."
"CUST0360","Elijah Garcia","elijah.garcia360@blueprintco.com","BluePrint Co","2026-03-13","56","17","72","3","0","US","Sarah K."
"CUST0361","Mia Wilson","mia.wilson361@redshift.com","RedShift","2026-02-23","74","18","90","2","1","EU","Tom R."
"CUST0362","James Thomas","james.thomas362@purpledot.com","PurpleDot","2026-03-05","64","18","52","3","1","APAC","Mike L."
"CUST0363","Charlotte Harris","charlotte.harris363@greenwave.com","GreenWave","2026-02-23","74","30","89","2","0","LATAM","Priya S."
"CUST0364","Lucas Lee","lucas.lee364@yellowstar.com","YellowStar","2026-02-28","69","28","88","2","0","MEA","David N."
"CUST0365","Amelia Hall","amelia.hall365@ironclad.com","Ironclad","2026-03-06","63","15","78","3","0","US","Sarah K."
"CUST0366","Mason King","mason.king366@pixelworks.com","Pixelworks","2026-02-25","72","27","83","4","1","EU","Tom R."
"CUST0367","Harper Johnson","harper.johnson367@stormcloud.com","StormCloud","2026-02-25","72","31","96","4","1","APAC","Mike L."
"CUST0368","Logan Jones","logan.jones368@northbay.com","NorthBay","2026-02-23","74","26","91","3","1","LATAM","Priya S."
"CUST0369","Evelyn Davis","evelyn.davis369@silverline.com","SilverLine","2026-02-27","70","22","89","3","0","MEA","David N."
"CUST0370","Ethan Anderson","ethan.anderson370@alphagrid.com","AlphaGrid","2026-03-06","63","18","84","3","1","US","Sarah K."
"CUST0371","Abigail White","abigail.white371@betasync.com","BetaSync","2026-02-27","70","22","77","4","1","EU","Tom R."
"CUST0372","Aiden Thompson","aiden.thompson372@deltaforce.com","DeltaForce","2026-03-14","55","18","74","2","1","APAC","Mike L."
"CUST0373","Emily Walker","emily.walker373@gammatech.com","GammaTech","2026-02-25","72","15","78","4","1","LATAM","Priya S."
"CUST0374","Jackson Young","jackson.young374@omegasoft.com","OmegaSoft","2026-03-01","68","17","75","3","0","MEA","David N."
"CUST0375","James Smith","james.smith375@acmecorp.com","Acme Corp","2026-02-23","74","28","89","2","0","US","Sarah K."
"CUST0376","Emma Brown","emma.brown376@techflowinc.com","TechFlow Inc","2026-03-05","64","18","74","2","0","EU","Tom R."
"CUST0377","Liam Miller","liam.miller377@novasoft.com","NovaSoft","2026-02-26","71","20","89","3","0","APAC","Mike L."
"CUST0378","Olivia Taylor","olivia.taylor378@databridge.com","DataBridge","2026-03-10","59","19","55","3","1","LATAM","Priya S."
"CUST0379","Noah Jackson","noah.jackson379@cloudpeak.com","CloudPeak","2026-03-02","67","26","96","3","1","MEA","David N."
"CUST0380","Ava Martin","ava.martin380@vertexailtd.com","VertexAI Ltd","2026-02-26","71","14","67","3","1","US","Sarah K."
"CUST0381","William Robinson","william.robinson381@skylabs.com","SkyLabs","2026-03-06","63","17","65","2","0","EU","Tom R."
"CUST0382","Sophia Allen","sophia.allen382@omnitech.com","OmniTech","2026-02-28","69","15","74","2","0","APAC","Mike L."
"CUST0383","Oliver Scott","oliver.scott383@nexgensystems.com","NexGen Systems","2026-03-09","60","13","65","3","1","LATAM","Priya S."
"CUST0384","Isabella Williams","isabella.williams384@coresystems.com","CoreSystems","2026-03-03","66","16","62","3","1","MEA","David N."
"CUST0385","Elijah Garcia","elijah.garcia385@blueprintco.com","BluePrint Co","2026-03-11","58","24","94","2","0","US","Sarah K."
"CUST0386","Mia Wilson","mia.wilson386@redshift.com","RedShift","2026-03-06","63","12","53","2","1","EU","Tom R."
"CUST0387","James Thomas","james.thomas387@purpledot.com","PurpleDot","2026-02-28","69","26","99","3","1","APAC","Mike L."
"CUST0388","Charlotte Harris","charlotte.harris388@greenwave.com","GreenWave","2026-03-01","68","26","92","4","1","LATAM","Priya S."
"CUST0389","Lucas Lee","lucas.lee389@yellowstar.com","YellowStar","2026-03-11","58","30","94","2","1","MEA","David N."
"CUST0390","Amelia Hall","amelia.hall390@ironclad.com","Ironclad","2026-02-24","73","19","73","4","1","US","Sarah K."
"CUST0391","Mason King","mason.king391@pixelworks.com","Pixelworks","2026-03-11","58","12","59","4","0","EU","Tom R."
"CUST0392","Harper Johnson","harper.johnson392@stormcloud.com","StormCloud","2026-03-04","65","21","90","2","0","APAC","Mike L."
"CUST0393","Logan Jones","logan.jones393@northbay.com","NorthBay","2026-03-05","64","14","63","4","1","LATAM","Priya S."
"CUST0394","Evelyn Davis","evelyn.davis394@silverline.com","SilverLine","2026-02-27","70","22","83","2","0","MEA","David N."
"CUST0395","Ethan Anderson","ethan.anderson395@alphagrid.com","AlphaGrid","2026-02-25","72","21","83","4","0","US","Sarah K."
"CUST0396","Abigail White","abigail.white396@betasync.com","BetaSync","2026-03-02","67","20","65","2","0","EU","Tom R."
"CUST0397","Aiden Thompson","aiden.thompson397@deltaforce.com","DeltaForce","2026-03-12","57","19","67","3","1","APAC","Mike L."
"CUST0398","Emily Walker","emily.walker398@gammatech.com","GammaTech","2026-03-10","59","30","92","3","0","LATAM","Priya S."
"CUST0399","Jackson Young","jackson.young399@omegasoft.com","OmegaSoft","2026-03-09","60","16","83","3","0","MEA","David N."
"CUST0400","James Smith","james.smith400@acmecorp.com","Acme Corp","2026-03-14","55","21","63","4","0","US","Sarah K."
"CUST0401","Emma Brown","emma.brown401@techflowinc.com","TechFlow Inc","2026-04-22","16","91","106","0","0","EU","Tom R."
"CUST0402","Liam Miller","liam.miller402@novasoft.com","NovaSoft","2026-05-01","7","116","118","0","0","APAC","Mike L."
"CUST0403","Olivia Taylor","olivia.taylor403@databridge.com","DataBridge","2026-04-24","14","60","68","0","0","LATAM","Priya S."
"CUST0404","Noah Jackson","noah.jackson404@cloudpeak.com","CloudPeak","2026-04-30","8","68","71","0","0","MEA","David N."
"CUST0405","Ava Martin","ava.martin405@vertexailtd.com","VertexAI Ltd","2026-05-06","2","107","129","0","0","US","Sarah K."
"CUST0406","William Robinson","william.robinson406@skylabs.com","SkyLabs","2026-05-06","2","77","89","0","0","EU","Tom R."
"CUST0407","Sophia Allen","sophia.allen407@omnitech.com","OmniTech","2026-04-29","9","73","85","0","0","APAC","Mike L."
"CUST0408","Oliver Scott","oliver.scott408@nexgensystems.com","NexGen Systems","2026-04-29","9","109","124","0","0","LATAM","Priya S."
"CUST0409","Isabella Williams","isabella.williams409@coresystems.com","CoreSystems","2026-04-30","8","104","106","0","0","MEA","David N."
"CUST0410","Elijah Garcia","elijah.garcia410@blueprintco.com","BluePrint Co","2026-05-03","5","116","126","0","0","US","Sarah K."
"CUST0411","Mia Wilson","mia.wilson411@redshift.com","RedShift","2026-04-24","14","89","106","0","0","EU","Tom R."
"CUST0412","James Thomas","james.thomas412@purpledot.com","PurpleDot","2026-05-02","6","59","67","0","0","APAC","Mike L."
"CUST0413","Charlotte Harris","charlotte.harris413@greenwave.com","GreenWave","2026-05-06","2","82","85","0","0","LATAM","Priya S."
"CUST0414","Lucas Lee","lucas.lee414@yellowstar.com","YellowStar","2026-04-27","11","65","79","0","0","MEA","David N."
"CUST0415","Amelia Hall","amelia.hall415@ironclad.com","Ironclad","2026-05-07","1","67","80","0","0","US","Sarah K."
"CUST0416","Mason King","mason.king416@pixelworks.com","Pixelworks","2026-04-25","13","68","76","0","0","EU","Tom R."
"CUST0417","Harper Johnson","harper.johnson417@stormcloud.com","StormCloud","2026-04-22","16","56","62","0","0","APAC","Mike L."
"CUST0418","Logan Jones","logan.jones418@northbay.com","NorthBay","2026-04-24","14","100","110","0","0","LATAM","Priya S."
"CUST0419","Evelyn Davis","evelyn.davis419@silverline.com","SilverLine","2026-04-27","11","66","70","0","0","MEA","David N."
"CUST0420","Ethan Anderson","ethan.anderson420@alphagrid.com","AlphaGrid","2026-05-01","7","98","117","0","0","US","Sarah K."
"CUST0421","Abigail White","abigail.white421@betasync.com","BetaSync","2026-04-22","16","68","71","0","0","EU","Tom R."
"CUST0422","Aiden Thompson","aiden.thompson422@deltaforce.com","DeltaForce","2026-05-08","0","105","123","0","0","APAC","Mike L."
"CUST0423","Emily Walker","emily.walker423@gammatech.com","GammaTech","2026-05-07","1","89","96","0","0","LATAM","Priya S."
"CUST0424","Jackson Young","jackson.young424@omegasoft.com","OmegaSoft","2026-05-06","2","82","83","0","0","MEA","David N."
"CUST0425","James Smith","james.smith425@acmecorp.com","Acme Corp","2026-05-04","4","81","82","0","0","US","Sarah K."
"CUST0426","Emma Brown","emma.brown426@techflowinc.com","TechFlow Inc","2026-04-29","9","72","78","0","0","EU","Tom R."
"CUST0427","Liam Miller","liam.miller427@novasoft.com","NovaSoft","2026-04-21","17","61","74","0","0","APAC","Mike L."
"CUST0428","Olivia Taylor","olivia.taylor428@databridge.com","DataBridge","2026-04-26","12","100","101","0","0","LATAM","Priya S."
"CUST0429","Noah Jackson","noah.jackson429@cloudpeak.com","CloudPeak","2026-04-29","9","103","124","0","0","MEA","David N."
"CUST0430","Ava Martin","ava.martin430@vertexailtd.com","VertexAI Ltd","2026-04-24","14","71","76","0","0","US","Sarah K."
"CUST0431","William Robinson","william.robinson431@skylabs.com","SkyLabs","2026-04-21","17","71","86","0","0","EU","Tom R."
"CUST0432","Sophia Allen","sophia.allen432@omnitech.com","OmniTech","2026-04-21","17","55","63","0","0","APAC","Mike L."
"CUST0433","Oliver Scott","oliver.scott433@nexgensystems.com","NexGen Systems","2026-04-25","13","94","102","0","0","LATAM","Priya S."
"CUST0434","Isabella Williams","isabella.williams434@coresystems.com","CoreSystems","2026-05-02","6","96","109","0","0","MEA","David N."
"CUST0435","Elijah Garcia","elijah.garcia435@blueprintco.com","BluePrint Co","2026-05-08","0","88","101","0","0","US","Sarah K."
"CUST0436","Mia Wilson","mia.wilson436@redshift.com","RedShift","2026-04-27","11","87","103","0","0","EU","Tom R."
"CUST0437","James Thomas","james.thomas437@purpledot.com","PurpleDot","2026-05-01","7","98","120","0","0","APAC","Mike L."
"CUST0438","Charlotte Harris","charlotte.harris438@greenwave.com","GreenWave","2026-04-26","12","97","111","0","0","LATAM","Priya S."
"CUST0439","Lucas Lee","lucas.lee439@yellowstar.com","YellowStar","2026-05-02","6","61","69","0","0","MEA","David N."
"CUST0440","Amelia Hall","amelia.hall440@ironclad.com","Ironclad","2026-04-21","17","111","121","0","0","US","Sarah K."
"CUST0441","Mason King","mason.king441@pixelworks.com","Pixelworks","2026-05-07","1","120","124","0","0","EU","Tom R."
"CUST0442","Harper Johnson","harper.johnson442@stormcloud.com","StormCloud","2026-05-01","7","82","99","0","0","APAC","Mike L."
"CUST0443","Logan Jones","logan.jones443@northbay.com","NorthBay","2026-04-22","16","55","64","0","0","LATAM","Priya S."
"CUST0444","Evelyn Davis","evelyn.davis444@silverline.com","SilverLine","2026-04-29","9","62","75","0","0","MEA","David N."
"CUST0445","Ethan Anderson","ethan.anderson445@alphagrid.com","AlphaGrid","2026-04-22","16","94","100","0","0","US","Sarah K."
"CUST0446","Abigail White","abigail.white446@betasync.com","BetaSync","2026-04-27","11","103","106","0","0","EU","Tom R."
"CUST0447","Aiden Thompson","aiden.thompson447@deltaforce.com","DeltaForce","2026-04-29","9","67","68","0","0","APAC","Mike L."
"CUST0448","Emily Walker","emily.walker448@gammatech.com","GammaTech","2026-04-22","16","51","61","0","0","LATAM","Priya S."
"CUST0449","Jackson Young","jackson.young449@omegasoft.com","OmegaSoft","2026-04-27","11","67","68","0","0","MEA","David N."
"CUST0450","James Smith","james.smith450@acmecorp.com","Acme Corp","2026-05-06","2","113","118","0","0","US","Sarah K."
"CUST0451","Emma Brown","emma.brown451@techflowinc.com","TechFlow Inc","2026-05-01","7","101","115","0","0","EU","Tom R."
"CUST0452","Liam Miller","liam.miller452@novasoft.com","NovaSoft","2026-05-06","2","95","116","0","0","APAC","Mike L."
"CUST0453","Olivia Taylor","olivia.taylor453@databridge.com","DataBridge","2026-04-25","13","116","120","0","0","LATAM","Priya S."
"CUST0454","Noah Jackson","noah.jackson454@cloudpeak.com","CloudPeak","2026-05-06","2","114","125","0","0","MEA","David N."
"CUST0455","Ava Martin","ava.martin455@vertexailtd.com","VertexAI Ltd","2026-04-23","15","76","86","0","0","US","Sarah K."
"CUST0456","William Robinson","william.robinson456@skylabs.com","SkyLabs","2026-05-06","2","88","95","0","0","EU","Tom R."
"CUST0457","Sophia Allen","sophia.allen457@omnitech.com","OmniTech","2026-05-08","0","90","108","0","0","APAC","Mike L."
"CUST0458","Oliver Scott","oliver.scott458@nexgensystems.com","NexGen Systems","2026-05-01","7","63","64","0","0","LATAM","Priya S."
"CUST0459","Isabella Williams","isabella.williams459@coresystems.com","CoreSystems","2026-04-23","15","113","121","0","0","MEA","David N."
"CUST0460","Elijah Garcia","elijah.garcia460@blueprintco.com","BluePrint Co","2026-05-01","7","70","74","0","0","US","Sarah K."
"CUST0461","Mia Wilson","mia.wilson461@redshift.com","RedShift","2026-04-22","16","66","80","0","0","EU","Tom R."
"CUST0462","James Thomas","james.thomas462@purpledot.com","PurpleDot","2026-05-08","0","60","61","0","0","APAC","Mike L."
"CUST0463","Charlotte Harris","charlotte.harris463@greenwave.com","GreenWave","2026-04-29","9","53","60","0","0","LATAM","Priya S."
"CUST0464","Lucas Lee","lucas.lee464@yellowstar.com","YellowStar","2026-04-27","11","68","76","0","0","MEA","David N."
"CUST0465","Amelia Hall","amelia.hall465@ironclad.com","Ironclad","2026-05-03","5","70","81","0","0","US","Sarah K."
"CUST0466","Mason King","mason.king466@pixelworks.com","Pixelworks","2026-04-26","12","62","73","0","0","EU","Tom R."
"CUST0467","Harper Johnson","harper.johnson467@stormcloud.com","StormCloud","2026-04-24","14","123","129","0","0","APAC","Mike L."
"CUST0468","Logan Jones","logan.jones468@northbay.com","NorthBay","2026-04-25","13","93","109","0","0","LATAM","Priya S."
"CUST0469","Evelyn Davis","evelyn.davis469@silverline.com","SilverLine","2026-05-05","3","88","99","0","0","MEA","David N."
"CUST0470","Ethan Anderson","ethan.anderson470@alphagrid.com","AlphaGrid","2026-05-05","3","94","108","0","0","US","Sarah K."
"CUST0471","Abigail White","abigail.white471@betasync.com","BetaSync","2026-05-08","0","111","119","0","0","EU","Tom R."
"CUST0472","Aiden Thompson","aiden.thompson472@deltaforce.com","DeltaForce","2026-05-03","5","83","89","0","0","APAC","Mike L."
"CUST0473","Emily Walker","emily.walker473@gammatech.com","GammaTech","2026-04-29","9","55","62","0","0","LATAM","Priya S."
"CUST0474","Jackson Young","jackson.young474@omegasoft.com","OmegaSoft","2026-04-30","8","54","64","0","0","MEA","David N."
"CUST0475","James Smith","james.smith475@acmecorp.com","Acme Corp","2026-04-23","15","60","63","0","0","US","Sarah K."
"CUST0476","Emma Brown","emma.brown476@techflowinc.com","TechFlow Inc","2026-05-05","3","66","72","0","0","EU","Tom R."
"CUST0477","Liam Miller","liam.miller477@novasoft.com","NovaSoft","2026-04-26","12","117","118","0","0","APAC","Mike L."
"CUST0478","Olivia Taylor","olivia.taylor478@databridge.com","DataBridge","2026-04-28","10","74","87","0","0","LATAM","Priya S."
"CUST0479","Noah Jackson","noah.jackson479@cloudpeak.com","CloudPeak","2026-04-26","12","86","88","0","0","MEA","David N."
"CUST0480","Ava Martin","ava.martin480@vertexailtd.com","VertexAI Ltd","2026-05-06","2","80","90","0","0","US","Sarah K."
"CUST0481","William Robinson","william.robinson481@skylabs.com","SkyLabs","2026-04-29","9","74","78","0","0","EU","Tom R."
"CUST0482","Sophia Allen","sophia.allen482@omnitech.com","OmniTech","2026-04-24","14","69","74","0","0","APAC","Mike L."
"CUST0483","Oliver Scott","oliver.scott483@nexgensystems.com","NexGen Systems","2026-04-21","17","58","68","0","0","LATAM","Priya S."
"CUST0484","Isabella Williams","isabella.williams484@coresystems.com","CoreSystems","2026-05-04","4","69","80","0","0","MEA","David N."
"CUST0485","Elijah Garcia","elijah.garcia485@blueprintco.com","BluePrint Co","2026-04-27","11","99","106","0","0","US","Sarah K."
"CUST0486","Mia Wilson","mia.wilson486@redshift.com","RedShift","2026-05-04","4","81","93","0","0","EU","Tom R."
"CUST0487","James Thomas","james.thomas487@purpledot.com","PurpleDot","2026-04-21","17","54","65","0","0","APAC","Mike L."
"CUST0488","Charlotte Harris","charlotte.harris488@greenwave.com","GreenWave","2026-05-05","3","67","69","0","0","LATAM","Priya S."
"CUST0489","Lucas Lee","lucas.lee489@yellowstar.com","YellowStar","2026-04-29","9","110","116","0","0","MEA","David N."
"CUST0490","Amelia Hall","amelia.hall490@ironclad.com","Ironclad","2026-05-07","1","103","114","0","0","US","Sarah K."
"CUST0491","Mason King","mason.king491@pixelworks.com","Pixelworks","2026-04-22","16","110","112","0","0","EU","Tom R."
"CUST0492","Harper Johnson","harper.johnson492@stormcloud.com","StormCloud","2026-05-07","1","81","90","0","0","APAC","Mike L."
"CUST0493","Logan Jones","logan.jones493@northbay.com","NorthBay","2026-05-04","4","55","60","0","0","LATAM","Priya S."
"CUST0494","Evelyn Davis","evelyn.davis494@silverline.com","SilverLine","2026-05-02","6","60","67","0","0","MEA","David N."
"CUST0495","Ethan Anderson","ethan.anderson495@alphagrid.com","AlphaGrid","2026-04-27","11","100","105","0","0","US","Sarah K."
"CUST0496","Abigail White","abigail.white496@betasync.com","BetaSync","2026-05-07","1","60","67","0","0","EU","Tom R."
"CUST0497","Aiden Thompson","aiden.thompson497@deltaforce.com","DeltaForce","2026-04-27","11","105","122","0","0","APAC","Mike L."
"CUST0498","Emily Walker","emily.walker498@gammatech.com","GammaTech","2026-04-29","9","87","94","0","0","LATAM","Priya S."
"CUST0499","Jackson Young","jackson.young499@omegasoft.com","OmegaSoft","2026-04-23","15","73","87","0","0","MEA","David N."
"CUST0500","James Smith","james.smith500@acmecorp.com","Acme Corp","2026-04-22","16","82","83","0","0","US","Sarah K."
"CUST0501","Emma Brown","emma.brown501@techflowinc.com","TechFlow Inc","2026-05-02","6","80","81","0","0","EU","Tom R."
"CUST0502","Liam Miller","liam.miller502@novasoft.com","NovaSoft","2026-05-01","7","119","128","0","0","APAC","Mike L."
"CUST0503","Olivia Taylor","olivia.taylor503@databridge.com","DataBridge","2026-05-04","4","120","126","0","0","LATAM","Priya S."
"CUST0504","Noah Jackson","noah.jackson504@cloudpeak.com","CloudPeak","2026-04-21","17","86","92","0","0","MEA","David N."
"CUST0505","Ava Martin","ava.martin505@vertexailtd.com","VertexAI Ltd","2026-04-25","13","89","99","0","0","US","Sarah K."
"CUST0506","William Robinson","william.robinson506@skylabs.com","SkyLabs","2026-05-01","7","77","87","0","0","EU","Tom R."
"CUST0507","Sophia Allen","sophia.allen507@omnitech.com","OmniTech","2026-04-23","15","96","100","0","0","APAC","Mike L."
"CUST0508","Oliver Scott","oliver.scott508@nexgensystems.com","NexGen Systems","2026-04-23","15","83","87","0","0","LATAM","Priya S."
"CUST0509","Isabella Williams","isabella.williams509@coresystems.com","CoreSystems","2026-04-25","13","56","62","0","0","MEA","David N."
"CUST0510","Elijah Garcia","elijah.garcia510@blueprintco.com","BluePrint Co","2026-04-23","15","105","115","0","0","US","Sarah K."
"CUST0511","Mia Wilson","mia.wilson511@redshift.com","RedShift","2026-04-22","16","90","100","0","0","EU","Tom R."
"CUST0512","James Thomas","james.thomas512@purpledot.com","PurpleDot","2026-05-01","7","70","79","0","0","APAC","Mike L."
"CUST0513","Charlotte Harris","charlotte.harris513@greenwave.com","GreenWave","2026-05-07","1","72","82","0","0","LATAM","Priya S."
"CUST0514","Lucas Lee","lucas.lee514@yellowstar.com","YellowStar","2026-05-05","3","90","105","0","0","MEA","David N."
"CUST0515","Amelia Hall","amelia.hall515@ironclad.com","Ironclad","2026-04-21","17","100","114","0","0","US","Sarah K."
"CUST0516","Mason King","mason.king516@pixelworks.com","Pixelworks","2026-04-24","14","58","68","0","0","EU","Tom R."
"CUST0517","Harper Johnson","harper.johnson517@stormcloud.com","StormCloud","2026-04-29","9","102","120","0","0","APAC","Mike L."
"CUST0518","Logan Jones","logan.jones518@northbay.com","NorthBay","2026-04-24","14","101","123","0","0","LATAM","Priya S."
"CUST0519","Evelyn Davis","evelyn.davis519@silverline.com","SilverLine","2026-05-08","0","103","124","0","0","MEA","David N."
"CUST0520","Ethan Anderson","ethan.anderson520@alphagrid.com","AlphaGrid","2026-05-07","1","71","85","0","0","US","Sarah K."
"CUST0521","Abigail White","abigail.white521@betasync.com","BetaSync","2026-05-08","0","70","82","0","0","EU","Tom R."
"CUST0522","Aiden Thompson","aiden.thompson522@deltaforce.com","DeltaForce","2026-04-27","11","76","93","0","0","APAC","Mike L."
"CUST0523","Emily Walker","emily.walker523@gammatech.com","GammaTech","2026-04-26","12","86","92","0","0","LATAM","Priya S."
"CUST0524","Jackson Young","jackson.young524@omegasoft.com","OmegaSoft","2026-04-23","15","59","60","0","0","MEA","David N."
"CUST0525","James Smith","james.smith525@acmecorp.com","Acme Corp","2026-05-03","5","65","66","0","0","US","Sarah K."
"CUST0526","Emma Brown","emma.brown526@techflowinc.com","TechFlow Inc","2026-04-24","14","126","127","0","0","EU","Tom R."
"CUST0527","Liam Miller","liam.miller527@novasoft.com","NovaSoft","2026-05-08","0","123","124","0","0","APAC","Mike L."
"CUST0528","Olivia Taylor","olivia.taylor528@databridge.com","DataBridge","2026-05-06","2","98","100","0","0","LATAM","Priya S."
"CUST0529","Noah Jackson","noah.jackson529@cloudpeak.com","CloudPeak","2026-05-05","3","75","82","0","0","MEA","David N."
"CUST0530","Ava Martin","ava.martin530@vertexailtd.com","VertexAI Ltd","2026-05-08","0","69","84","0","0","US","Sarah K."
"CUST0531","William Robinson","william.robinson531@skylabs.com","SkyLabs","2026-04-30","8","61","66","0","0","EU","Tom R."
"CUST0532","Sophia Allen","sophia.allen532@omnitech.com","OmniTech","2026-04-21","17","101","118","0","0","APAC","Mike L."
"CUST0533","Oliver Scott","oliver.scott533@nexgensystems.com","NexGen Systems","2026-04-23","15","59","71","0","0","LATAM","Priya S."
"CUST0534","Isabella Williams","isabella.williams534@coresystems.com","CoreSystems","2026-04-30","8","61","63","0","0","MEA","David N."
"CUST0535","Elijah Garcia","elijah.garcia535@blueprintco.com","BluePrint Co","2026-04-25","13","87","90","0","0","US","Sarah K."
"CUST0536","Mia Wilson","mia.wilson536@redshift.com","RedShift","2026-05-02","6","122","128","0","0","EU","Tom R."
"CUST0537","James Thomas","james.thomas537@purpledot.com","PurpleDot","2026-05-02","6","120","129","0","0","APAC","Mike L."
"CUST0538","Charlotte Harris","charlotte.harris538@greenwave.com","GreenWave","2026-05-02","6","93","96","0","0","LATAM","Priya S."
"CUST0539","Lucas Lee","lucas.lee539@yellowstar.com","YellowStar","2026-04-24","14","57","68","0","0","MEA","David N."
"CUST0540","Amelia Hall","amelia.hall540@ironclad.com","Ironclad","2026-05-07","1","85","93","0","0","US","Sarah K."
"CUST0541","Mason King","mason.king541@pixelworks.com","Pixelworks","2026-05-01","7","84","93","0","0","EU","Tom R."
"CUST0542","Harper Johnson","harper.johnson542@stormcloud.com","StormCloud","2026-04-24","14","78","95","0","0","APAC","Mike L."
"CUST0543","Logan Jones","logan.jones543@northbay.com","NorthBay","2026-05-05","3","65","66","0","0","LATAM","Priya S."
"CUST0544","Evelyn Davis","evelyn.davis544@silverline.com","SilverLine","2026-05-04","4","89","94","0","0","MEA","David N."
"CUST0545","Ethan Anderson","ethan.anderson545@alphagrid.com","AlphaGrid","2026-04-27","11","58","71","0","0","US","Sarah K."
"CUST0546","Abigail White","abigail.white546@betasync.com","BetaSync","2026-04-24","14","97","103","0","0","EU","Tom R."
"CUST0547","Aiden Thompson","aiden.thompson547@deltaforce.com","DeltaForce","2026-05-05","3","118","120","0","0","APAC","Mike L."
"CUST0548","Emily Walker","emily.walker548@gammatech.com","GammaTech","2026-05-07","1","94","99","0","0","LATAM","Priya S."
"CUST0549","Jackson Young","jackson.young549@omegasoft.com","OmegaSoft","2026-05-04","4","67","77","0","0","MEA","David N."
"CUST0550","James Smith","james.smith550@acmecorp.com","Acme Corp","2026-05-01","7","98","113","0","0","US","Sarah K."
"CUST0551","Emma Brown","emma.brown551@techflowinc.com","TechFlow Inc","2026-05-01","7","92","106","0","0","EU","Tom R."
"CUST0552","Liam Miller","liam.miller552@novasoft.com","NovaSoft","2026-05-03","5","124","125","0","0","APAC","Mike L."
"CUST0553","Olivia Taylor","olivia.taylor553@databridge.com","DataBridge","2026-04-28","10","55","63","0","0","LATAM","Priya S."
"CUST0554","Noah Jackson","noah.jackson554@cloudpeak.com","CloudPeak","2026-04-28","10","64","66","0","0","MEA","David N."
"CUST0555","Ava Martin","ava.martin555@vertexailtd.com","VertexAI Ltd","2026-05-02","6","65","66","0","0","US","Sarah K."
"CUST0556","William Robinson","william.robinson556@skylabs.com","SkyLabs","2026-04-23","15","84","85","0","0","EU","Tom R."
"CUST0557","Sophia Allen","sophia.allen557@omnitech.com","OmniTech","2026-04-30","8","67","70","0","0","APAC","Mike L."
"CUST0558","Oliver Scott","oliver.scott558@nexgensystems.com","NexGen Systems","2026-05-08","0","102","115","0","0","LATAM","Priya S."
"CUST0559","Isabella Williams","isabella.williams559@coresystems.com","CoreSystems","2026-05-08","0","118","122","0","0","MEA","David N."
"CUST0560","Elijah Garcia","elijah.garcia560@blueprintco.com","BluePrint Co","2026-05-06","2","99","104","0","0","US","Sarah K."
"CUST0561","Mia Wilson","mia.wilson561@redshift.com","RedShift","2026-05-04","4","60","62","0","0","EU","Tom R."
"CUST0562","James Thomas","james.thomas562@purpledot.com","PurpleDot","2026-05-03","5","67","71","0","0","APAC","Mike L."
"CUST0563","Charlotte Harris","charlotte.harris563@greenwave.com","GreenWave","2026-04-23","15","116","122","0","0","LATAM","Priya S."
"CUST0564","Lucas Lee","lucas.lee564@yellowstar.com","YellowStar","2026-05-02","6","102","121","0","0","MEA","David N."
"CUST0565","Amelia Hall","amelia.hall565@ironclad.com","Ironclad","2026-04-26","12","94","103","0","0","US","Sarah K."
"CUST0566","Mason King","mason.king566@pixelworks.com","Pixelworks","2026-04-23","15","79","83","0","0","EU","Tom R."
"CUST0567","Harper Johnson","harper.johnson567@stormcloud.com","StormCloud","2026-05-04","4","91","98","0","0","APAC","Mike L."
"CUST0568","Logan Jones","logan.jones568@northbay.com","NorthBay","2026-05-01","7","101","109","0","0","LATAM","Priya S."
"CUST0569","Evelyn Davis","evelyn.davis569@silverline.com","SilverLine","2026-05-04","4","116","122","0","0","MEA","David N."
"CUST0570","Ethan Anderson","ethan.anderson570@alphagrid.com","AlphaGrid","2026-05-02","6","70","72","0","0","US","Sarah K."
"CUST0571","Abigail White","abigail.white571@betasync.com","BetaSync","2026-05-02","6","77","83","0","0","EU","Tom R."
"CUST0572","Aiden Thompson","aiden.thompson572@deltaforce.com","DeltaForce","2026-05-03","5","69","71","0","0","APAC","Mike L."
"CUST0573","Emily Walker","emily.walker573@gammatech.com","GammaTech","2026-05-08","0","104","116","0","0","LATAM","Priya S."
"CUST0574","Jackson Young","jackson.young574@omegasoft.com","OmegaSoft","2026-05-03","5","88","102","0","0","MEA","David N."
"CUST0575","James Smith","james.smith575@acmecorp.com","Acme Corp","2026-04-22","16","98","113","0","0","US","Sarah K."
"CUST0576","Emma Brown","emma.brown576@techflowinc.com","TechFlow Inc","2026-05-07","1","84","101","0","0","EU","Tom R."
"CUST0577","Liam Miller","liam.miller577@novasoft.com","NovaSoft","2026-04-23","15","78","88","0","0","APAC","Mike L."
"CUST0578","Olivia Taylor","olivia.taylor578@databridge.com","DataBridge","2026-04-24","14","53","62","0","0","LATAM","Priya S."
"CUST0579","Noah Jackson","noah.jackson579@cloudpeak.com","CloudPeak","2026-05-08","0","50","60","0","0","MEA","David N."
"CUST0580","Ava Martin","ava.martin580@vertexailtd.com","VertexAI Ltd","2026-05-01","7","120","125","0","0","US","Sarah K."
"CUST0581","William Robinson","william.robinson581@skylabs.com","SkyLabs","2026-05-02","6","121","126","0","0","EU","Tom R."
"CUST0582","Sophia Allen","sophia.allen582@omnitech.com","OmniTech","2026-05-08","0","99","100","0","0","APAC","Mike L."
"CUST0583","Oliver Scott","oliver.scott583@nexgensystems.com","NexGen Systems","2026-05-06","2","114","129","0","0","LATAM","Priya S."
"CUST0584","Isabella Williams","isabella.williams584@coresystems.com","CoreSystems","2026-04-26","12","92","102","0","0","MEA","David N."
"CUST0585","Elijah Garcia","elijah.garcia585@blueprintco.com","BluePrint Co","2026-05-08","0","105","111","0","0","US","Sarah K."
"CUST0586","Mia Wilson","mia.wilson586@redshift.com","RedShift","2026-04-29","9","57","70","0","0","EU","Tom R."
"CUST0587","James Thomas","james.thomas587@purpledot.com","PurpleDot","2026-05-03","5","58","64","0","0","APAC","Mike L."
"CUST0588","Charlotte Harris","charlotte.harris588@greenwave.com","GreenWave","2026-05-05","3","77","83","0","0","LATAM","Priya S."
"CUST0589","Lucas Lee","lucas.lee589@yellowstar.com","YellowStar","2026-05-06","2","67","74","0","0","MEA","David N."
"CUST0590","Amelia Hall","amelia.hall590@ironclad.com","Ironclad","2026-04-27","11","59","63","0","0","US","Sarah K."
"CUST0591","Mason King","mason.king591@pixelworks.com","Pixelworks","2026-04-26","12","66","78","0","0","EU","Tom R."
"CUST0592","Harper Johnson","harper.johnson592@stormcloud.com","StormCloud","2026-04-30","8","86","101","0","0","APAC","Mike L."
"CUST0593","Logan Jones","logan.jones593@northbay.com","NorthBay","2026-04-23","15","113","117","0","0","LATAM","Priya S."
"CUST0594","Evelyn Davis","evelyn.davis594@silverline.com","SilverLine","2026-04-28","10","70","79","0","0","MEA","David N."
"CUST0595","Ethan Anderson","ethan.anderson595@alphagrid.com","AlphaGrid","2026-04-22","16","65","70","0","0","US","Sarah K."
"CUST0596","Abigail White","abigail.white596@betasync.com","BetaSync","2026-04-30","8","71","75","0","0","EU","Tom R."
"CUST0597","Aiden Thompson","aiden.thompson597@deltaforce.com","DeltaForce","2026-05-02","6","60","70","0","0","APAC","Mike L."
"CUST0598","Emily Walker","emily.walker598@gammatech.com","GammaTech","2026-04-23","15","74","75","0","0","LATAM","Priya S."
"CUST0599","Jackson Young","jackson.young599@omegasoft.com","OmegaSoft","2026-04-28","10","58","70","0","0","MEA","David N."
"CUST0600","James Smith","james.smith600@acmecorp.com","Acme Corp","2026-04-27","11","76","83","0","0","US","Sarah K."
